-- phpMyAdmin SQL Dump
-- version 4.9.3
-- https://www.phpmyadmin.net/
--
-- Host: localhost:8889
-- Generation Time: Jun 24, 2020 at 09:38 PM
-- Server version: 5.7.26
-- PHP Version: 7.4.2

SET SQL_MODE = "NO_AUTO_VALUE_ON_ZERO";
SET time_zone = "+00:00";

--
-- Database: `officient`
--

-- --------------------------------------------------------

--
-- Table structure for table `archivo`
--

CREATE TABLE `archivo` (
  `idArchivo` int(11) NOT NULL COMMENT 'todos los campos tendran un estado 0=pendiente 1=completo',
  `idEmpresa` int(11) DEFAULT NULL,
  `idRequisito` int(11) DEFAULT NULL,
  `estado` int(11) NOT NULL
) ENGINE=InnoDB DEFAULT CHARSET=utf8 COLLATE=utf8_spanish2_ci;

--
-- Dumping data for table `archivo`
--

INSERT INTO `archivo` (`idArchivo`, `idEmpresa`, `idRequisito`, `estado`) VALUES
(1, 1, 1, 1),
(2, 1, 2, 1),
(3, 3, 3, 0),
(4, 1, 3, 1),
(5, 1, 4, 1),
(6, 1, 5, 1),
(7, 3, 1, 0),
(8, 3, 2, 0),
(9, 1, 10, 1),
(10, 1, 6, 1),
(11, 1, 7, 1),
(12, 1, 8, 1),
(13, 1, 9, 1),
(14, 25, 1, 0),
(15, 25, 2, 0),
(16, 25, 3, 0),
(17, 25, 4, 0),
(18, 2, 1, 1),
(19, 2, 2, 1),
(20, 2, 3, 1),
(21, 2, 4, 1),
(22, 2, 5, 1),
(23, 2, 6, 1),
(24, 2, 7, 1),
(25, 2, 8, 1),
(26, 2, 9, 1),
(27, 2, 10, 1);

-- --------------------------------------------------------

--
-- Table structure for table `calendar`
--

CREATE TABLE `calendar` (
  `idRegistro` int(11) NOT NULL,
  `idEmpresa` int(11) NOT NULL,
  `idUsuario` int(11) NOT NULL,
  `tituloEvento` varchar(225) COLLATE utf8_spanish2_ci NOT NULL,
  `descripcionEvento` varchar(225) COLLATE utf8_spanish2_ci NOT NULL,
  `fechaInicio` varchar(225) COLLATE utf8_spanish2_ci NOT NULL,
  `fechaFin` varchar(225) COLLATE utf8_spanish2_ci NOT NULL,
  `confirmar` int(11) NOT NULL,
  `fechaConfirmar` varchar(255) COLLATE utf8_spanish2_ci NOT NULL
) ENGINE=InnoDB DEFAULT CHARSET=utf8 COLLATE=utf8_spanish2_ci;

--
-- Dumping data for table `calendar`
--

INSERT INTO `calendar` (`idRegistro`, `idEmpresa`, `idUsuario`, `tituloEvento`, `descripcionEvento`, `fechaInicio`, `fechaFin`, `confirmar`, `fechaConfirmar`) VALUES
(3, 25, 1, 'Jose Carlos Cita ', 'cliente solicita terapia', '2020-05-16T08:30', '2020-05-16T10:00', 0, 'sin confirmar'),
(4, 117, 1, 'ferregua cita', 'Evento agendado', '2020-05-23T10:00', '2020-05-23T11:00', 0, 'sin confirmar'),
(5, 1, 1, 'Cita nueva', 'evento prueba', '2020-05-28T10:00', '2020-05-28T12:00', 0, 'sin fecha'),
(6, 24, 1, 'Cita ejemplo', 'Cita Ejemplo', '2020-06-05T05:05', '2020-06-05T10:00', 1, '23/06/2020 21:11:55'),
(7, 24, 5, 'Reunion de negocios', 'Sala para 10 personas, necesito televisor', '2020-06-25T11:35', '2020-06-25T12:00', 0, 'sin fecha'),
(8, 24, 5, 'Reunion de negocios', 'Sala para 10 personas, necesito televisor', '2020-06-25T11:35', '2020-06-25T12:00', 0, 'sin fecha');

-- --------------------------------------------------------

--
-- Table structure for table `empresa`
--

CREATE TABLE `empresa` (
  `idempresa` int(11) NOT NULL,
  `razonSocial` varchar(255) COLLATE utf8_spanish2_ci DEFAULT NULL,
  `direccionFiscal` varchar(255) COLLATE utf8_spanish2_ci DEFAULT NULL,
  `nit` varchar(255) COLLATE utf8_spanish2_ci DEFAULT NULL,
  `nombreCliente` varchar(255) COLLATE utf8_spanish2_ci DEFAULT NULL,
  `telefono` varchar(45) COLLATE utf8_spanish2_ci DEFAULT NULL,
  `pbx` varchar(45) COLLATE utf8_spanish2_ci DEFAULT NULL,
  `fechaCorte` varchar(45) COLLATE utf8_spanish2_ci DEFAULT NULL COMMENT 'Esta fecha es la fecha del registro, a partir de esta fecha se cobrara dependiendo de periodo',
  `periodo` varchar(45) COLLATE utf8_spanish2_ci DEFAULT NULL COMMENT 'Tendra la suma que se hará a partir de la fecha del contrato\n1=mensual\n2=bimestre\n3=trimestre\n4=cuatrimestre\n6=semestre\n12=año\n\nperiodo=3\nsi fecha contrato = 20-2-2020\nse le sumara Fecha cobro=20-5-2020\n\n\n',
  `deposito` varchar(45) COLLATE utf8_spanish2_ci DEFAULT NULL,
  `estado` varchar(45) COLLATE utf8_spanish2_ci DEFAULT NULL COMMENT '1=activo,2=inactivo,3=ocacional,4=suspendido,5=fraude',
  `paqueteAsignado` int(11) DEFAULT NULL
) ENGINE=InnoDB DEFAULT CHARSET=utf8 COLLATE=utf8_spanish2_ci;

--
-- Dumping data for table `empresa`
--

INSERT INTO `empresa` (`idempresa`, `razonSocial`, `direccionFiscal`, `nit`, `nombreCliente`, `telefono`, `pbx`, `fechaCorte`, `periodo`, `deposito`, `estado`, `paqueteAsignado`) VALUES
(1, 'Officient, S.A.', '6ta av A 13-24 zona 9 Torre Empresarial Cannet officina 103', 'cf', 'Officient', '23810888', '23810888', '', '12', '1200', '1', 3),
(2, 'Organizacion de Proyectos Multiples S.A.', 'Ciudad', '2589701-2', 'OPM1', '', '0', '1/5/2020', '1', '0', '1', 6),
(3, 'Agroexportaciones Ebenezer', '', '', '', '', '', '', '', '', '5', NULL),
(4, 'Tecnology Productions', '', '', '', '', '', '', '', '', '5', NULL),
(5, 'International Business Intermediates', '', '', '', '', '', '', '', '', '5', NULL),
(6, 'APM', '', '', '', '', '', '', '', '', '5', NULL),
(7, 'LEBEC S.A.', 'Diagonal 6, 12-42 z.10 Design Center, Torre I, oficina 708', '4323325-2', '', '', '', '', '', '', '5', NULL),
(8, 'S&M Corporación Monarca', '', '', '', '', '', '', '', '', '5', NULL),
(9, 'Industria Productora de Alimentos S.A', '', '1191292-8', 'Inproalsa', '', '', '', '', '', '5', NULL),
(10, 'Figueroa Abogados', '', '', '', '', '', '', '', '', '5', NULL),
(11, 'Byron Arrecis', '', '', '', '', '', '', '', '', '5', NULL),
(12, 'Extremo a Extremo', '', '', '', '', '', '', '', '', '5', NULL),
(13, 'Agricultura y Gestion de Recursos Natura', '', '', '', '', '', '', '', '', '5', NULL),
(14, 'Agrocomercializadora Industrial', '', '', '', '', '', '', '', '', '5', NULL),
(15, 'Exacto S.A.', '', '', '', '', '', '', '', '', '5', NULL),
(16, 'Grupo Feder', '', '', '', '', '23810820', '', '', '', '5', NULL),
(17, 'Guanacaste Industria de Extraccion de Ca', '', '', '', '', '', '', '', '', '5', NULL),
(18, 'Integraciones Diversas, S.A. (grupo vint', '', '', '', '', '', '', '', '', '5', NULL),
(19, 'La Granja Industria de Extraccion de Cau', '', '', '', '', '', '', '', '', '5', NULL),
(20, 'Mundo Inteligente', '', '6759390-9', '', '', '', '', '', '', '5', NULL),
(21, 'Grupo Empresarial Uniserv S.A.', 'Ciudad', '2809452-2', 'Uniserv', '', '23810818', '', '', '', '5', NULL),
(22, 'Muyal Technologies, S.A.', '', '', '', '', '', '', '', '', '5', NULL),
(23, 'Inversiones Tzaguacal S.A.', '', '', '', '', '', '', '', '', '5', NULL),
(24, 'Trastevere S.A.', '', '7428515-7', 'Trastevere S.A.', '', '23810827', '1/5/2020', '1', '0', '1', 6),
(25, 'Inversiones Palatino de Guatemala S.A.', '', '8241521-8', 'Inversiones Palatino ', '', '23810856', '1/05/2020', '1', '0', '1', 6),
(26, 'Grupo Macoris S.A.', '', '', 'Grupo Macoris S.A.', '', '23810851', '1/5/202020', '1', '0', '1', 6),
(27, 'Createnango', '', '7431321-5', '', '', '', '', '', '', '5', NULL),
(28, 'Actualiza S.A.', 'ciudad', '5944175-5', 'Actualiza ', '', '23810860', '1/05/202020', '1', '', '1', 7),
(29, 'Amilcar Mijangos', '', '3205322-3', 'Mundo Web', '', '23810810', '1/04/2020', '1', '', '1', 8),
(30, 'Arkinsa', '', '', '', '', '', '', '', '', '5', NULL),
(31, 'Desarrollos Guatemaltecos MG S.A.', '', '', 'BCP Cubre', '', '', '', '', '', '5', NULL),
(32, 'Broadcom Group S.A.', '', '7465006-8', '', '', '', '', '', '', '5', NULL),
(33, 'Byron Zuñiga', '', '578389-5', 'Proyectos Mustek', '', '', '', '', '', '5', NULL),
(34, 'Cazatalentos', '', '', '', '', '', '', '', '', '5', NULL),
(35, 'Soltecorp, S.A.', '', '7416540-2', 'Corporate', '', '', '', '', '', '5', NULL),
(36, 'Diproalsa', '', '7448597-0', '', '', '', '', '', '', '5', NULL),
(37, 'Servicios Empresariales Guatepack S.A.', 'Ciudad', '6725944-8', 'Guatepack', '', '', '', '', '', '5', NULL),
(38, 'International Business Academy', '', '', '', '', '23810800', '', '', '', '2', NULL),
(39, 'Lan soluciones', '', '', '', '', '', '', '', '', '5', NULL),
(40, 'Luis Alberto Marquez (Amarillas Internet', '', '', '', '', '', '', '', '', '5', NULL),
(41, 'Milton Abraham Milian Hernandez (Pro Exc', '', '', '', '', '', '', '', '', '5', NULL),
(42, 'Proyectos para la Industria de Hule, S.A', '', '', '', '', '', '', '', '', '5', NULL),
(43, 'De Universal S.a. (Constructora Tecun)', '', '', '', '', '', '', '', '', '5', NULL),
(44, 'Tsidkenu S.A.', '', '6190179-2', '', '', '', '', '', '', '5', NULL),
(45, 'Rut Cardona', '', '3116938-4', 'Editora RC', '', '', '', '', '', '5', NULL),
(46, 'MPCG', '', '', '', '', '', '', '', '', '5', NULL),
(47, 'Venice Soft Guatemala S.A.', '', '6571107-6', '', '', '', '', '', '', '3', NULL),
(48, 'Grupo Gensa', '', '8764560-2', 'Gensa', '', '', '', '', '', '5', NULL),
(49, 'Actualizacion Medica', '', '8441036-1', '', '', '', '', '', '', '5', NULL),
(50, 'Corporacion Anshar, S.A.', 'Ciudad', '3634292-0', '', '', '', '', '', '', '5', NULL),
(51, 'Fashion Promo S.A.', '', '', '', '', '', '', '', '', '5', NULL),
(52, 'Fundacion Guatemalteca pro-amigos del ni', '', '7738765-1', 'Funpro', '', '23810817', '1/04/2020', '1', '', '1', 6),
(53, 'Mantese', '', '5789985-1', 'Mantese', '', '23810873', '1/05/2020', '1', '0', '1', 9),
(54, 'KI Technologies', '', '7951146-9', '', '', '', '', '', '', '5', NULL),
(55, 'Inversiones Cuneo S.A', '', '', '', '', '', '', '', '', '5', NULL),
(56, 'Inversiones Hulatex S.A.', '', '', '', '', '0', '', '', '', '5', NULL),
(57, 'Inversiones Preferentes', '', '', '', '', '', '', '', '', '5', NULL),
(58, 'Inversiones Linoleo S.A.', '', '', '', '', '', '', '', '', '5', NULL),
(59, 'zzzz', '', '', '', '', '', '', '', '', '5', NULL),
(60, 'Archangel Systems S.A.', 'ciudad', '', 'Archangel Systems S.', '', '', '2016', '', '', '5', NULL),
(61, 'Grupo Lineas Basicas S.A.', 'ciudad', '', 'Grupo Lineas Basicas', '', '', '2015', '', '', '5', NULL),
(62, 'Union Integral de Servicios S.A.', 'ciudad', '', 'Union Integral de Se', '', '', '2016', '', '', '2', NULL),
(63, 'Analisis y Tecnologia Humana', 'ciudad', '', 'ATH', '', '', '2016', '', '', '2', NULL),
(64, 'Espacios Centroamericana S.A.', 'ciudad', '5112959-0', '', '', '', '8', '', '', '5', NULL),
(65, 'Estefany Diaz', '', 'C/F', '', '', '', '', '', '', '4', NULL),
(66, 'Carlos Urizar', 'ciudad', '531231-0', '', '', '', '2016', '', '', '2', NULL),
(67, 'Green Lights Guatemala S.A.', 'ciudad', '8478986-7', '', '', '', '2016', '', '', '2', NULL),
(68, 'Corporación Jade Internacional', 'ciudad', '7711674-7', '', '', '', '2016', '', '', '2', NULL),
(69, 'MEDU S.A.', 'ciudad', '9231442-2', '', '', '', '2016', '', '', '2', NULL),
(70, 'Productos Textiles de Guatemala ', 'ciudad', '2318596-2', '', '', '', '2016', '', '', '2', NULL),
(71, 'Grupo Girtab S.A.', 'ciudad', '8631983-3', '', '', '', '2016', '', '', '5', NULL),
(72, 'Sergio Heer', 'Ciudad', 'C/F', 'Grupo SML', '', '', '2016', '', '', '5', NULL),
(73, 'Soluciones Tecnicas Industriales de Guatemala, S.A.', 'ciudad', '8296425-4', 'soluciones tecnicas', '', '', '2016', '', '', '2', NULL),
(74, 'Lilian Lopez', '', '2826357-k', 'Lilian Lopez', '', '', '2016', '', '', '2', NULL),
(75, 'Persoter S.A.', 'ciudad', '9306737-2', 'Persoter', '', '', '2016', '', '', '4', NULL),
(76, 'Lolipop S.A.', 'ciudad', '7824758-6', 'Lolipop S.A.', '', '', '2016', '', '', '5', NULL),
(77, 'USAC/FACULTAD DE AGRONOMÍA', '', '255117-9', 'USAC', '', '', '2016', '', '', '5', NULL),
(78, 'Pump Up Line Centroamérica S.A.', 'ciudad', '8820351-4', 'pumpupline', '', '', '2016', '', '', '5', NULL),
(79, 'Israel  Antonio Escobar Castañeda', '', '6739032-3', 'global trade', '', '', '2016', '', '', '3', NULL),
(80, 'Hugo Mansilla', 'ciudad', '4533685-7', 'Hugo Mansilla', '', '', '2016', '', '', '2', NULL),
(81, 'Fundacion para la Defensa Ecologica Montecarlo Verde', 'ciudad', '3067533-2', 'Montecarlo', '', '23810876', '1/07/2020', '12', '0', '1', 10),
(82, 'Médicos Dentales Guerra, S.A.', 'ciudad', '7422673-8', '', '', '', '201610', '', '', '5', NULL),
(83, 'Serterin S.A.', 'ciudad', '7415147-9', '', '', '', '201610', '', '', '2', NULL),
(84, 'Mariano Fiori', 'ciudad', 'PE130559', 'Mariano Fiori', '', '', '201610', '', '', '3', NULL),
(85, 'Gerson Licardie', 'ciudad', '1528742-4', 'Gerson Licardie', '', '', '2016', '', '', '2', NULL),
(86, 'Inmobiliaria y Constructora Amatique S.A..', 'ciudad', '4941424-0', '', '', '', '2016', '', '', '5', NULL),
(87, 'Air Ocean Diverse', '1 calle 1-46 Res. Nac. Unidas 1 entrada a Km 20. SNV', '1746081-6', 'Air Ocean Diverse', '', '23810814', '16/05/2020', '2', '0', '1', 11),
(88, 'Distribuidora Bella Green', 'ciudad', '9396598-\'2', 'Bella Green', '', '0', '22017', '', '', '5', NULL),
(89, 'Ivonne Serrano', 'ciudad', '', 'Ivonne Serrano', '', '0', '22016', '', '', '3', NULL),
(90, 'Jose Manuel Gonzalez', 'ciudad', '', 'Jose Manuel Gonzalez', '', '0', '201602', '', '', '4', NULL),
(91, 'Grupo Mapalba', 'ciudad', '9420288-5', 'Mapalba', '', '0', '201602', '', '', '5', NULL),
(92, 'Alles in Bau', 'ciudad', '', 'Alles in Bau', '', '0', '201602', '', '', '4', NULL),
(93, 'Corporación de Ingenieros Droptec, S.A', 'ciudad', '8476215-2', '', '', '0', '201603', '', '', '5', NULL),
(94, 'Inversiones Pentandra S.A.', 'clzda. Aguilar Batres Montemaria 1 45-35 z.12 VN, Guatemala ', '8496729-3', 'Don Arturo', '', '23810819', '1/05/2020', '1', '0', '1', 12),
(95, 'Oficina Privada de Investigaciones', 'ciudad', '3518674-7', 'OPI', '23810857', '0', '201705', '', '', '4', NULL),
(96, 'Javier Oswaldo Villatoro Morales', 'ciudad', '573291-3', 'Libetad Zeceña', '', '0', '201705', '', '', '2', NULL),
(97, 'Probaza', 'ciudad', '9341525-7', 'Probaza', '', '23810829', '16/02/2020', '6', '0', '1', 13),
(98, 'GMG Telecommunications Services, S.A.', 'ciudad', '8476842-8', 'GMG Telecommunicatio', '', '0', '0', '', '', '2', NULL),
(99, 'Cristian Guzmàn Figueroa', 'ciudad', '5667228-4', 'Cristian Guzmán Figu', '', '23810832', '1710', '', '', '5', NULL),
(100, 'Gylari Mhelanya Calderón', 'ciudad', '1755880-8', 'Gylari Mhelanya Cald', '58935696', '23810824', '1/05/2020', '1', '2200', '1', 5),
(101, 'Vanity Stefanie Rivera Marroquin', 'ciudad', '7669648-0', 'Inmobiliaria Pacal', '', '23810835', '1801', '', '', '5', NULL),
(102, 'Alicia Paulina Martinez Cruz', 'ciudad', '7609891-5', 'Alicia Paulina', '', '0', '1801', '', '', '5', NULL),
(103, 'Ingrid Leticia Barrios Garcia', 'ciudad', '5574510-5', 'Wootex', '', '23810838', '14/05/2020', '3', '0', '1', 14),
(104, 'Androkles Ricardo Arias Molina', 'ciudad', '3432693-6', 'GPS Empresarial', '30313975', '23810880', '14/05/2020', '3', '0', '1', 1),
(105, 'Erick Francisco Bamaca Cifuentes', 'ciudad', '4047587-5', 'Multiple Services, B', '', '23810868', '1802', '', '', '5', NULL),
(106, 'Logimerk, S.A.', 'ciudad', '4793917-6', 'Logimerk', '', '0', '1802', '', '', '2', NULL),
(107, 'Pebalcorp, S.A.', 'ciudad', '8468860-2', 'Ana Grajeda', '', '0', '1802', '', '', '5', NULL),
(108, 'Andrés Lucas Tacam', 'ciudad', '96322506-2', 'xelafarm', '', '23810854', '1805', '', '', '3', NULL),
(109, 'Ana Cristina Gomez Divas', 'ciudad', '4591352-8', 'WalkTalent', '', '23810822', '1805', '', '', '5', NULL),
(110, 'Hugo Leonel López', 'ciudad', '671622-9', 'Pronext Soluciones', '', '23810835', '1808', '', '', '5', NULL),
(111, 'Victor Rojas', 'ciudad', '4089753-2', 'Victor Rojas', '', '0', '1810', '', '', '2', NULL),
(112, 'IT Quest Solutions S.A.', 'ciudad', '10294240-4', 'Grupo Novacomp S.A.', '', '23810890', '2/05/2020', '6', '0', '1', 2),
(113, 'Grupo L J M S.A.', 'ciudad', '9543995-1', 'Teach English', '', '23810808', '2/09/2020', '6', '0', '1', 2),
(114, 'Leslie Galvez', 'ciudad', '6091980-9', 'Recurso efectivo', '47882767', '23810805', '1903', '', '', '3', NULL),
(115, 'RH On Line, S.A.', 'ciudad', '10370203-2', 'Brenda de Gamez', '', '23810802', '1903', '', '', '5', NULL),
(116, 'Leonel Enrique Tobar Martinez', 'ciudad', '8502086-9', 'Ferregua', '', '23810803', '2/06/2020', '3', '0', '1', 4),
(117, 'Alfredo Amos Conde Lopez', 'ciudad', '9612383-4', '', '', '23810807', '1906', '', '', '5', NULL),
(118, 'Lolipop S.A.', 'ciudad', '7824758-6', 'Lolipop S.A.', '', '0', '1801', '', '', '2', NULL),
(119, 'Grupo Aristela S.A.', 'ciudad', '414143-1', 'Pollux Cranes', '56166926', '23810841', '2/05/2020', '3', '0', '1', 1),
(120, 'Proyectos y Optimización Industrial S.A.', 'ciudad', '10507995-2', 'Proindsa', '', '23810833', '15/10/20', '6', '0', '1', 2),
(121, 'Lexa de Guatemala S.A.', 'ciudad', '8433556-4', 'Massimo Orellana', '', '23810874', '419', '', '', '3', NULL),
(122, 'Marvin Sierra', 'ciudad', '9182104-5', 'SEMSA', '', '23810811', '19/06/20', '6', '0', '1', 2),
(123, 'Victor Manuel Chajon Alvarez,S.A.', 'ciudad', '9455930-9', '', '', '23810809', '1912', '', '', '3', NULL),
(124, 'MAUXI, S.A.', 'ciudad', '6577392-6', 'Dr. Jorge Fabricio López Contrera', '', '23810104', '5/5/2020', '1', '0', '1', 15),
(125, 'Camilo Alvarez', 'ciudad', '1756392-1', 'Camilo Alvarez', '40264001', '23810875', '1/5/2020', '1', '1000', '1', 16),
(126, 'Jaqueline Nohemí Reyes López', 'ciudad', '5705562-9', 'Reyes y Asociados', '55111325', '23810821', '1/04/05', '1', '0', '1', 17),
(200, 'Consumidor Final', 'Ciudad', '6176209-1', 'Javier Mendoza', '23810888', '0', '0', '0', '0', '1', NULL),
(201, NULL, NULL, NULL, NULL, NULL, NULL, NULL, NULL, NULL, '3', NULL),
(202, NULL, NULL, NULL, NULL, NULL, NULL, NULL, NULL, NULL, '3', NULL),
(203, NULL, NULL, NULL, NULL, NULL, NULL, NULL, NULL, NULL, '3', NULL),
(204, 'Prueba razon', 'direccion razon', '123123123', 'Nombre Cliente', '123123123', '23238887', '2020-05-05', '12', '0', '3', 3);

-- --------------------------------------------------------

--
-- Table structure for table `estadoCuenta`
--

CREATE TABLE `estadoCuenta` (
  `idRegistro` int(11) NOT NULL,
  `idCliente` int(11) NOT NULL,
  `mesRegistro` varchar(255) COLLATE utf8_spanish2_ci NOT NULL,
  `idFactura` int(11) NOT NULL,
  `saldoAnterior` decimal(11,2) NOT NULL,
  `abonoMes` decimal(11,2) NOT NULL,
  `cargoMes` decimal(11,2) NOT NULL,
  `mora` decimal(11,2) NOT NULL,
  `saldoActual` decimal(11,2) NOT NULL
) ENGINE=InnoDB DEFAULT CHARSET=utf8 COLLATE=utf8_spanish2_ci;

--
-- Dumping data for table `estadoCuenta`
--

INSERT INTO `estadoCuenta` (`idRegistro`, `idCliente`, `mesRegistro`, `idFactura`, `saldoAnterior`, `abonoMes`, `cargoMes`, `mora`, `saldoActual`) VALUES
(0, 0, '16-oct', 0, '0.00', '0.00', '0.00', '0.00', '0.00'),
(1, 2, '16-oct', 0, '0.00', '0.00', '580.00', '0.00', '0.00'),
(2, 20, '16-oct', 0, '0.00', '0.00', '50.00', '0.00', '0.00'),
(3, 21, '16-oct', 0, '0.00', '0.00', '505.70', '0.00', '0.00'),
(4, 24, '16-oct', 0, '0.00', '0.00', '580.00', '0.00', '0.00'),
(5, 25, '16-oct', 0, '0.00', '0.00', '580.00', '0.00', '0.00'),
(6, 26, '16-oct', 0, '0.00', '0.00', '580.00', '0.00', '0.00'),
(7, 27, '16-oct', 0, '0.00', '0.00', '195.00', '0.00', '0.00'),
(8, 28, '16-oct', 0, '0.00', '0.00', '1161.60', '0.00', '0.00'),
(9, 29, '16-oct', 0, '0.00', '0.00', '630.00', '0.00', '0.00'),
(10, 35, '16-oct', 0, '0.00', '0.00', '939.38', '0.00', '0.00'),
(11, 47, '16-oct', 0, '0.00', '0.00', '505.70', '0.00', '0.00'),
(12, 52, '16-oct', 0, '0.00', '0.00', '580.00', '0.00', '0.00'),
(13, 53, '16-nov', 0, '0.00', '0.00', '1160.00', '0.00', '0.00'),
(14, 54, '16-oct', 0, '0.00', '0.00', '480.00', '0.00', '0.00'),
(15, 64, '16-oct', 0, '0.00', '0.00', '580.00', '0.00', '0.00'),
(16, 71, '16-oct', 0, '0.00', '0.00', '580.00', '0.00', '0.00'),
(17, 72, '16-oct', 0, '0.00', '0.00', '75.00', '0.00', '0.00'),
(18, 75, '16-oct', 0, '0.00', '0.00', '580.00', '0.00', '0.00'),
(19, 2, '16-dec', 0, '580.00', '580.00', '580.00', '0.00', '580.00'),
(20, 28, '16-nov', 0, '4052.10', '2793.90', '1252.45', '37.75', '2548.40'),
(21, 28, '16-dec', 0, '2510.65', '1214.70', '1641.78', '38.88', '2976.61'),
(22, 49, '16-Dec', 271, '975.00', '0.00', '1170.00', '29.25', '1199.25'),
(23, 29, '16-nov', 0, '1335.00', '705.00', '655.00', '18.90', '1303.90'),
(24, 29, '16-dec', 0, '1285.00', '630.00', '680.00', '19.65', '1354.65'),
(25, 35, '16-nov', 0, '939.38', '0.00', '1191.67', '28.18', '2159.23'),
(26, 35, '16-dec', 0, '2131.05', '2131.05', '1122.00', '0.00', '1122.00'),
(27, 27, '16-nov', 0, '585.00', '195.00', '195.00', '11.70', '596.70'),
(28, 27, '16-dec', 0, '585.00', '585.00', '195.00', '0.00', '195.00'),
(29, 52, '16-nov', 0, '1160.00', '580.00', '580.00', '17.40', '1177.40'),
(30, 52, '16-dec', 0, '580.00', '0.00', '580.00', '17.40', '1177.40'),
(31, 54, '16-nov', 0, '960.00', '960.00', '480.00', '0.00', '480.00'),
(32, 54, '16-dec', 0, '480.00', '480.00', '480.00', '0.00', '480.00'),
(33, 53, '16-dec', 0, '1740.00', '1160.00', '580.00', '17.40', '1177.40'),
(34, 84, '16-nov', 0, '1765.00', '1765.00', '605.00', '0.00', '605.00'),
(35, 84, '16-dec', 0, '605.00', '0.00', '580.00', '18.15', '1203.15'),
(36, 2, '16-nov', 0, '0.00', '580.00', '580.00', '-17.40', '-17.40'),
(37, 75, '16-nov', 0, '1179.50', '1179.50', '1179.53', '0.00', '1179.53'),
(38, 75, '16-dec', 0, '1179.50', '1179.50', '1179.53', '0.00', '1179.53'),
(39, 28, '17-jan', 0, '2937.73', '0.00', '1193.13', '88.13', '4218.99'),
(40, 35, '17-jan', 0, '1122.00', '1122.00', '1118.40', '0.00', '1118.40'),
(41, 27, '17-jan', 0, '585.00', '585.00', '195.00', '0.00', '195.00'),
(42, 52, '17-jan', 0, '1160.00', '580.00', '580.00', '17.40', '1177.40'),
(43, 21, '17-jan', 0, '0.00', '505.70', '505.70', '-15.17', '-15.17'),
(44, 51, '17-jan', 0, '0.00', '580.00', '580.00', '-17.40', '-17.40'),
(45, 48, '17-jan', 0, '750.00', '0.00', '375.00', '22.50', '1147.50'),
(46, 26, '17-jan', 0, '1160.00', '580.00', '580.00', '17.40', '1177.40'),
(47, 25, '17-jan', 0, '1740.00', '580.00', '580.00', '34.80', '1774.80'),
(48, 24, '17-jan', 0, '1740.00', '580.00', '580.00', '34.80', '1774.80'),
(49, 72, '17-jan', 0, '1100.00', '1100.00', '325.00', '0.00', '325.00'),
(50, 38, '17-jan', 0, '540.05', '0.00', '338.80', '16.20', '895.05'),
(51, 54, '17-jan', 0, '480.00', '480.00', '480.00', '0.00', '480.00'),
(52, 53, '17-jan', 0, '1160.00', '580.00', '580.00', '17.40', '1177.40'),
(53, 84, '17-jan', 0, '1185.00', '0.00', '680.00', '35.55', '1900.55'),
(54, 29, '17-jan', 0, '1335.00', '655.00', '580.00', '20.40', '1280.40'),
(55, 75, '17-jan', 0, '1179.53', '0.00', '1179.53', '35.39', '2394.45'),
(56, 47, '17-jan', 0, '505.70', '0.00', '505.70', '15.17', '1026.57'),
(57, 2, '17-Jan', 0, '0.00', '580.00', '580.00', '-17.40', '-597.40'),
(58, 31, '17-Jan', 0, '0.00', '0.00', '3995.00', '0.00', '3995.00'),
(59, 58, '17-Jan', 0, '0.00', '0.00', '3600.00', '0.00', '3600.00'),
(60, 55, '17-Jan', 0, '0.00', '0.00', '3600.00', '0.00', '3600.00'),
(61, 56, '17-Jan', 0, '0.00', '0.00', '3600.00', '0.00', '3600.00'),
(62, 57, '17-Jan', 0, '0.00', '0.00', '3600.00', '0.00', '3600.00'),
(63, 87, '17-Jan', 0, '0.00', '700.00', '700.00', '-21.00', '-21.00'),
(64, 27, '17-feb', 0, '195.00', '0.00', '195.00', '5.85', '395.85'),
(65, 45, '17-feb', 0, '2880.00', '0.00', '480.00', '86.40', '3446.40'),
(66, 51, '17-feb', 0, '580.00', '580.00', '580.00', '0.00', '580.00'),
(67, 52, '17-feb', 0, '1160.00', '580.00', '580.00', '17.40', '1177.40'),
(68, 21, '17-feb', 0, '505.70', '505.70', '505.70', '0.00', '505.70'),
(69, 54, '17-feb', 0, '960.00', '480.00', '480.00', '14.40', '974.40'),
(70, 53, '17-feb', 0, '1160.00', '0.00', '580.00', '34.80', '1774.80'),
(71, 29, '17-feb', 0, '1260.00', '680.00', '605.00', '17.40', '1202.40'),
(72, 49, '17-feb', 0, '390.00', '195.00', '195.00', '5.85', '395.85'),
(73, 47, '17-feb', 0, '1011.40', '0.00', '505.70', '30.34', '1547.44'),
(74, 28, '17-feb', 0, '4093.11', '4093.11', '1269.70', '0.00', '1269.70'),
(75, 35, '17-feb', 0, '1118.40', '0.00', '982.40', '0.00', '2100.80'),
(76, 38, '17-feb', 0, '878.85', '878.85', '402.50', '0.00', '402.50'),
(77, 89, '17-feb', 0, '0.00', '0.00', '1500.00', '0.00', '1500.00'),
(78, 90, '17-feb', 0, '0.00', '0.00', '1100.00', '0.00', '1100.00'),
(79, 92, '17-feb', 0, '0.00', '0.00', '1500.00', '0.00', '1500.00'),
(80, 88, '17-feb', 0, '0.00', '0.00', '2800.00', '0.00', '2800.00'),
(81, 28, '17-mar', 0, '1269.70', '0.00', '1368.30', '38.09', '2676.09'),
(82, 49, '17-mar', 0, '390.00', '0.00', '195.00', '11.70', '596.70'),
(83, 92, '17-mar', 0, '1500.00', '1500.00', '1500.00', '0.00', '1500.00'),
(84, 88, '17-mar', 0, '2800.00', '0.00', '2800.00', '84.00', '5684.00'),
(85, 27, '17-mar', 0, '390.00', '195.00', '195.00', '5.85', '395.85'),
(86, 51, '17-mar', 0, '580.00', '0.00', '580.00', '0.00', '1160.00'),
(87, 38, '17-mar', 0, '402.50', '0.00', '504.55', '12.07', '918.58'),
(88, 89, '17-mar', 0, '1500.00', '1500.00', '1500.00', '0.00', '1500.00'),
(89, 90, '17-mar', 0, '1100.00', '1100.00', '2100.00', '0.00', '2100.00'),
(90, 53, '17-mar', 0, '1740.00', '0.00', '605.00', '52.20', '2397.20'),
(91, 29, '17-mar', 0, '1185.00', '0.00', '555.00', '35.55', '1775.55'),
(92, 52, '17-mar', 0, '1160.00', '0.00', '580.00', '34.80', '1774.80'),
(93, 54, '17-mar', 0, '960.00', '480.00', '480.00', '14.40', '974.40'),
(94, 47, '17-mar', 0, '1547.44', '1547.44', '505.70', '0.00', '505.70'),
(95, 26, '17-mar', 0, '1160.00', '0.00', '580.00', '34.80', '1774.80'),
(96, 24, '17-mar', 0, '1160.00', '0.00', '580.00', '34.80', '1774.80'),
(97, 25, '17-mar', 0, '1160.00', '0.00', '580.00', '34.80', '1774.80'),
(98, 2, '17-mar', 0, '0.00', '0.00', '580.00', '0.00', '580.00'),
(99, 2, '17-feb', 0, '0.00', '580.00', '580.00', '0.00', '580.00'),
(100, 72, '17-mar', 0, '325.00', '0.00', '275.00', '9.75', '609.75'),
(101, 21, '17-mar', 0, '0.00', '505.70', '505.70', '-15.17', '-15.17'),
(102, 35, '17-mar', 0, '2100.80', '2100.80', '1008.12', '0.00', '1008.12'),
(103, 91, '17-feb', 0, '0.00', '0.00', '2000.00', '0.00', '2000.00'),
(104, 92, '17-Apr', 0, '1500.00', '1500.00', '1500.00', '0.00', '1500.00'),
(105, 88, '17-Apr', 0, '5600.00', '5600.00', '2800.00', '0.00', '2800.00'),
(106, 51, '17-Apr', 0, '1160.00', '0.00', '580.00', '34.80', '1774.80'),
(107, 48, '17-Apr', 0, '0.00', '0.00', '1125.00', '0.00', '1125.00'),
(108, 72, '17-Apr', 0, '600.00', '0.00', '200.00', '18.00', '818.00'),
(109, 89, '17-Apr', 0, '1500.00', '1500.00', '1500.00', '0.00', '1500.00'),
(110, 90, '17-Apr', 0, '2100.00', '2100.00', '2100.00', '0.00', '2100.00'),
(111, 53, '17-Apr', 0, '605.00', '0.00', '680.00', '18.15', '1303.15'),
(112, 29, '17-Apr', 0, '1135.00', '580.00', '730.00', '16.65', '1301.65'),
(113, 24, '17-feb', 0, '0.00', '0.00', '580.00', '0.00', '580.00'),
(114, 25, '17-feb', 0, '0.00', '0.00', '580.00', '0.00', '580.00'),
(115, 26, '17-feb', 0, '0.00', '0.00', '580.00', '0.00', '580.00'),
(116, 94, '17-mar', 0, '0.00', '0.00', '1125.00', '0.00', '1125.00'),
(117, 87, '17-mar', 0, '0.00', '0.00', '700.00', '0.00', '700.00'),
(118, 93, '17-mar', 0, '0.00', '0.00', '1275.00', '0.00', '1275.00'),
(119, 54, '17-Apr', 0, '480.00', '0.00', '480.00', '14.40', '960.00'),
(120, 49, '17-Apr', 0, '585.00', '0.00', '195.00', '17.55', '780.00'),
(121, 28, '17-Apr', 0, '2638.00', '1269.70', '1461.30', '41.05', '2829.60'),
(122, 24, '17-Apr', 0, '1740.00', '580.00', '580.00', '34.80', '1740.00'),
(123, 25, '17-Apr', 0, '1740.00', '0.00', '580.00', '52.20', '2320.00'),
(124, 26, '17-Apr', 0, '1160.00', '0.00', '580.00', '34.80', '1740.00'),
(125, 2, '17-Apr', 0, '580.00', '580.00', '580.00', '0.00', '580.00'),
(126, 21, '17-Apr', 0, '505.70', '505.70', '505.70', '0.00', '505.70'),
(127, 47, '17-Apr', 0, '1011.40', '0.00', '505.70', '30.34', '1517.10'),
(128, 52, '17-Apr', 0, '1160.00', '580.00', '580.00', '17.40', '1160.00'),
(129, 35, '17-Apr', 0, '1008.12', '0.00', '915.64', '30.24', '1923.76'),
(130, 38, '17-Apr', 0, '907.05', '402.50', '176.05', '15.14', '680.60'),
(131, 51, '17-may', 0, '580.00', '0.00', '580.00', '17.40', '1160.00'),
(132, 72, '17-may', 0, '800.00', '0.00', '175.00', '24.00', '975.00'),
(133, 89, '17-may', 0, '1500.00', '1500.00', '1500.00', '0.00', '1500.00'),
(134, 90, '17-may', 0, '2100.00', '2100.00', '2600.00', '0.00', '2600.00'),
(135, 53, '17-may', 0, '680.00', '0.00', '630.00', '20.40', '1310.00'),
(136, 21, '17-may', 0, '505.70', '505.70', '505.70', '0.00', '505.70'),
(137, 24, '17-may', 0, '2320.00', '0.00', '580.00', '69.60', '2900.00'),
(138, 25, '17-may', 0, '2320.00', '0.00', '580.00', '69.60', '2900.00'),
(139, 26, '17-may', 0, '1740.00', '0.00', '580.00', '52.20', '2320.00'),
(140, 47, '17-may', 0, '1011.40', '0.00', '505.70', '30.34', '1517.10'),
(141, 52, '17-may', 0, '1740.00', '580.00', '580.00', '34.80', '1740.00'),
(142, 87, '17-may', 0, '0.00', '0.00', '700.00', '0.00', '700.00'),
(143, 54, '17-may', 0, '960.00', '960.00', '480.00', '0.00', '480.00'),
(144, 2, '17-may', 0, '580.00', '580.00', '580.00', '0.00', '580.00'),
(145, 92, '17-may', 0, '1500.00', '1500.00', '3200.00', '0.00', '3200.00'),
(146, 49, '17-may', 0, '780.00', '390.00', '195.00', '11.70', '585.00'),
(147, 95, '17-may', 0, '0.00', '0.00', '1000.00', '0.00', '1000.00'),
(148, 28, '17-may', 0, '2829.60', '0.00', '1080.00', '84.89', '3909.60'),
(149, 35, '17-may', 0, '1923.76', '0.00', '420.00', '57.71', '2343.76'),
(150, 29, '17-may', 0, '1285.00', '0.00', '530.00', '38.55', '1815.00'),
(151, 72, '17-jun', 0, '975.00', '0.00', '125.00', '29.25', '1100.00'),
(152, 53, '17-jun', 0, '1310.00', '0.00', '580.00', '39.30', '1890.00'),
(153, 29, '17-jun', 0, '1260.00', '0.00', '580.00', '37.80', '1840.00'),
(154, 89, '17-jun', 0, '1500.00', '1000.00', '1500.00', '15.00', '2000.00'),
(155, 90, '17-jun', 0, '2600.00', '2100.00', '2600.00', '15.00', '3100.00'),
(156, 28, '17-jun', 0, '2541.30', '1461.30', '1296.00', '32.40', '2376.00'),
(157, 49, '17-jun', 0, '585.00', '0.00', '195.00', '17.55', '780.00'),
(158, 35, '17-jun', 0, '420.00', '0.00', '720.00', '12.60', '1140.00'),
(159, 51, '17-jun', 0, '2320.00', '1740.00', '580.00', '17.40', '1160.00'),
(160, 52, '17-jun', 0, '1160.00', '580.00', '580.00', '17.40', '1160.00'),
(161, 21, '17-jun', 0, '505.70', '505.70', '505.70', '0.00', '505.70'),
(162, 26, '17-jun', 0, '2320.00', '0.00', '580.00', '69.60', '2900.00'),
(163, 24, '17-jun', 0, '2320.00', '580.00', '580.00', '52.20', '2320.00'),
(164, 25, '17-jun', 0, '2900.00', '0.00', '580.00', '87.00', '3480.00'),
(165, 54, '17-jun', 0, '480.00', '480.00', '480.00', '0.00', '480.00'),
(166, 47, '17-jun', 0, '1517.10', '1517.10', '505.70', '0.00', '505.70'),
(167, 2, '17-jun', 0, '580.00', '580.00', '580.00', '0.00', '580.00'),
(168, 53, '17-jul', 0, '1210.00', '0.00', '580.00', '36.30', '1790.00'),
(169, 29, '17-jul', 0, '1110.00', '0.00', '555.00', '33.30', '1665.00'),
(170, 44, '17-jul', 0, '0.00', '0.00', '270.16', '0.00', '270.61'),
(171, 49, '17-jul', 0, '780.00', '390.00', '195.00', '11.70', '585.00'),
(172, 48, '17-jul', 0, '0.00', '0.00', '1125.00', '22.50', '1125.00'),
(173, 51, '17-jul', 0, '580.00', '580.00', '580.00', '0.00', '580.00'),
(174, 52, '17-jul', 0, '1160.00', '580.00', '580.00', '17.40', '1160.00'),
(175, 21, '17-jul', 0, '505.70', '505.70', '505.70', '0.00', '505.70'),
(176, 26, '17-jul', 0, '580.00', '580.00', '580.00', '0.00', '580.00'),
(177, 24, '17-jul', 0, '580.00', '580.00', '580.00', '0.00', '580.00'),
(178, 25, '17-jul', 0, '580.00', '580.00', '580.00', '0.00', '580.00'),
(179, 54, '17-jul', 0, '480.00', '480.00', '480.00', '0.00', '480.00'),
(180, 47, '17-jul', 0, '1011.40', '505.70', '505.70', '15.17', '1011.40'),
(181, 2, '17-jul', 0, '580.00', '580.00', '580.00', '0.00', '580.00'),
(182, 28, '17-jul', 0, '2376.00', '1080.00', '1276.40', '38.88', '2572.40'),
(183, 89, '17-jul', 0, '2000.00', '500.00', '1500.00', '45.00', '3000.00'),
(184, 87, '17-jul', 0, '0.00', '0.00', '700.00', '0.00', '700.00'),
(185, 93, '17-jul', 0, '0.00', '0.00', '1275.00', '0.00', '1275.00'),
(186, 35, '17-jul', 0, '1140.00', '0.00', '990.00', '34.20', '2130.00'),
(187, 29, '17-Aug', 0, '1665.00', '0.00', '580.00', '49.95', '2245.00'),
(188, 49, '17-Aug', 0, '585.00', '0.00', '195.00', '17.55', '780.00'),
(189, 52, '17-Aug', 0, '1160.00', '0.00', '580.00', '34.80', '1740.00'),
(190, 72, '17-Aug', 0, '1100.00', '0.00', '125.00', '33.00', '1225.00'),
(191, 89, '17-Aug', 0, '3000.00', '2200.00', '1500.00', '24.00', '2300.00'),
(192, 53, '17-Aug', 0, '1790.00', '0.00', '580.00', '53.70', '2370.00'),
(193, 51, '17-Aug', 0, '2320.00', '1740.00', '580.00', '17.40', '1160.00'),
(194, 21, '17-Aug', 0, '505.70', '505.70', '505.70', '0.00', '505.70'),
(195, 26, '17-Aug', 0, '2320.00', '0.00', '580.00', '69.60', '2900.00'),
(196, 24, '17-Aug', 0, '2320.00', '580.00', '580.00', '52.20', '2320.00'),
(197, 25, '17-Aug', 0, '2900.00', '0.00', '580.00', '87.00', '3480.00'),
(198, 54, '17-Aug', 0, '480.00', '480.00', '480.00', '0.00', '480.00'),
(199, 47, '17-Aug', 0, '1517.10', '1517.10', '505.70', '0.00', '505.70'),
(200, 2, '17-Aug', 0, '580.00', '580.00', '580.00', '0.00', '580.00'),
(201, 28, '17-Aug', 0, '2572.30', '1296.00', '1234.10', '38.29', '2510.40'),
(202, 94, '17-Jan', 0, '0.00', '0.00', '375.00', '0.00', '375.00'),
(203, 94, '17-jul', 0, '375.00', '0.00', '375.00', '11.25', '750.00'),
(204, 94, '17-Aug', 0, '750.00', '0.00', '375.00', '22.50', '1125.00'),
(205, 1, '17-Aug', 0, '0.00', '0.00', '30.00', '0.00', '30.00'),
(206, 35, '17-Aug', 0, '990.00', '0.00', '905.00', '29.70', '1895.00'),
(207, 62, '17-Aug', 0, '0.00', '0.00', '450.00', '0.00', '450.00'),
(208, 97, '17-Aug', 0, '0.00', '0.00', '1750.00', '0.00', '1750.00'),
(209, 98, '17-Aug', 0, '0.00', '0.00', '4250.00', '0.00', '4250.00'),
(210, 87, '17-sep', 0, '0.00', '0.00', '700.00', '0.00', '700.00'),
(211, 72, '17-sep', 0, '125.00', '0.00', '125.00', '3.75', '250.00'),
(212, 51, '17-sep', 0, '580.00', '580.00', '580.00', '0.00', '580.00'),
(213, 52, '17-sep', 0, '1160.00', '580.00', '580.00', '17.40', '1160.00'),
(214, 94, '17-sep', 0, '1125.00', '1125.00', '375.00', '0.00', '375.00'),
(215, 54, '17-sep', 0, '480.00', '0.00', '480.00', '14.40', '960.00'),
(216, 2, '17-sep', 0, '580.00', '580.00', '580.00', '0.00', '580.00'),
(217, 91, '17-sep', 0, '0.00', '0.00', '453.00', '0.00', '453.00'),
(218, 21, '17-sep', 0, '505.70', '505.70', '505.70', '0.00', '505.70'),
(219, 29, '17-sep', 0, '580.00', '0.00', '630.00', '17.40', '1210.00'),
(220, 81, '17-sep', 0, '0.00', '0.00', '5800.00', '0.00', '5800.00'),
(221, 24, '17-sep', 0, '2900.00', '580.00', '580.00', '69.60', '2900.00'),
(222, 25, '17-sep', 0, '4640.00', '4060.00', '580.00', '17.40', '1160.00'),
(223, 26, '17-sep', 0, '1740.00', '0.00', '580.00', '52.20', '2320.00'),
(224, 28, '17-sep', 0, '2510.40', '1276.30', '1361.25', '37.02', '2595.35'),
(225, 44, '17-sep', 0, '1610.10', '840.00', '1240.00', '23.10', '2010.10'),
(226, 47, '17-sep', 0, '1517.10', '0.00', '505.70', '45.51', '2022.80'),
(227, 35, '17-sep', 0, '1895.00', '1895.00', '695.00', '0.00', '695.00'),
(228, 53, '17-sep', 0, '580.00', '0.00', '605.00', '17.40', '1160.00'),
(229, 89, '17-sep', 0, '2300.00', '0.00', '1500.00', '69.00', '3800.00'),
(230, 28, '17-oct', 0, '2595.35', '1234.10', '1472.55', '40.84', '2833.80'),
(231, 52, '17-oct', 0, '1160.00', '580.00', '580.00', '17.40', '1160.00'),
(232, 72, '17-oct', 0, '250.00', '0.00', '125.00', '7.50', '375.00'),
(233, 94, '17-oct', 0, '375.00', '375.00', '375.00', '0.00', '375.00'),
(234, 54, '17-oct', 0, '960.00', '480.00', '480.00', '14.40', '960.00'),
(235, 89, '17-oct', 0, '3800.00', '1500.00', '1500.00', '69.00', '3800.00'),
(236, 53, '17-oct', 0, '1185.00', '0.00', '605.00', '35.55', '1790.00'),
(237, 29, '17-oct', 0, '1210.00', '0.00', '605.00', '36.30', '1815.00'),
(238, 2, '17-oct', 0, '580.00', '580.00', '580.00', '0.00', '580.00'),
(239, 35, '17-oct', 0, '695.00', '695.00', '715.00', '0.00', '715.00'),
(240, 21, '17-oct', 0, '505.70', '505.70', '505.70', '0.00', '505.70'),
(241, 47, '17-oct', 0, '2022.80', '1517.10', '505.70', '15.17', '1011.40'),
(242, 26, '17-oct', 0, '2320.00', '0.00', '580.00', '69.60', '2900.00'),
(243, 38, '17-oct', 0, '0.00', '0.00', '426.90', '8.61', '426.90'),
(244, 25, '17-oct', 0, '1160.00', '0.00', '580.00', '34.80', '1740.00'),
(245, 24, '17-oct', 0, '2900.00', '580.00', '580.00', '69.60', '2900.00'),
(246, 48, '17-oct', 0, '1125.00', '1125.00', '1125.00', '0.00', '1125.00'),
(247, 44, '17-oct', 0, '2010.61', '840.00', '1210.00', '35.12', '2380.61'),
(248, 28, '17-nov', 0, '2833.80', '1361.25', '1606.05', '44.18', '3078.60'),
(249, 72, '17-nov', 0, '375.00', '0.00', '200.00', '11.25', '575.00'),
(250, 29, '17-nov', 0, '1815.00', '1815.00', '605.00', '0.00', '605.00'),
(251, 2, '17-nov', 0, '580.00', '580.00', '580.00', '0.00', '580.00'),
(252, 26, '17-nov', 0, '2900.00', '580.00', '580.00', '69.60', '2900.00'),
(253, 25, '17-nov', 0, '1740.00', '580.00', '580.00', '34.80', '1740.00'),
(254, 24, '17-nov', 0, '2900.00', '580.00', '580.00', '69.60', '2900.00'),
(255, 94, '17-nov', 0, '375.00', '375.00', '375.00', '0.00', '375.00'),
(256, 54, '17-nov', 0, '960.00', '480.00', '480.00', '14.40', '960.00'),
(257, 47, '17-nov', 0, '1011.40', '0.00', '505.70', '30.34', '1517.10'),
(258, 21, '17-nov', 0, '505.70', '505.70', '505.70', '0.00', '505.70'),
(259, 87, '17-nov', 0, '0.00', '0.00', '700.00', '0.00', '700.00'),
(260, 93, '17-nov', 0, '1275.00', '1275.00', '1275.00', '0.00', '1275.00'),
(261, 100, '17-nov', 0, '0.00', '0.00', '2700.00', '0.00', '2700.00'),
(262, 99, '17-nov', 0, '0.00', '0.00', '1000.00', '0.00', '1000.00'),
(263, 52, '17-nov', 0, '1160.00', '580.00', '580.00', '17.40', '1160.00'),
(264, 35, '17-nov', 0, '0.00', '0.00', '1280.00', '0.00', '1280.00'),
(265, 44, '17-nov', 0, '2380.60', '1000.00', '440.00', '41.42', '1820.60'),
(266, 26, '17-Dec', 0, '2900.00', '1160.00', '580.00', '52.20', '2320.00'),
(267, 24, '17-Dec', 0, '2900.00', '580.00', '580.00', '69.60', '2900.00'),
(268, 21, '17-Dec', 0, '505.70', '505.70', '505.70', '0.00', '505.70'),
(269, 94, '17-Dec', 0, '375.00', '375.00', '375.00', '0.00', '375.00'),
(270, 29, '17-Dec', 0, '605.00', '0.00', '680.00', '18.15', '1285.00'),
(271, 38, '17-Dec', 0, '426.90', '426.90', '310.45', '0.00', '310.45'),
(272, 25, '17-Dec', 0, '2320.00', '0.00', '580.00', '69.60', '2900.00'),
(273, 52, '18-Jan', 0, '1740.00', '1160.00', '580.00', '17.40', '1160.00'),
(274, 25, '18-Jan', 0, '2900.00', '0.00', '580.00', '87.00', '3480.00'),
(275, 94, '18-Jan', 0, '375.00', '0.00', '375.00', '11.25', '750.00'),
(276, 54, '18-Jan', 0, '960.00', '480.00', '480.00', '14.40', '960.00'),
(277, 53, '18-Jan', 657, '3025.00', '3025.00', '605.00', '0.00', '605.00'),
(278, 29, '18-Jan', 0, '1285.00', '0.00', '680.00', '38.55', '1965.00'),
(279, 2, '18-Jan', 0, '580.00', '580.00', '580.00', '0.00', '580.00'),
(280, 24, '18-Jan', 0, '2900.00', '0.00', '580.00', '87.00', '3480.00'),
(281, 21, '18-Jan', 0, '505.70', '505.70', '505.70', '0.00', '580.00'),
(282, 26, '18-Jan', 0, '2320.00', '0.00', '580.00', '69.00', '2900.00'),
(283, 2, '17-Dec', 0, '580.00', '580.00', '580.00', '0.00', '580.00'),
(284, 28, '17-Dec', 0, '3078.60', '1472.55', '1651.65', '48.18', '3257.70'),
(285, 28, '18-Jan', 0, '3257.70', '1606.05', '1080.00', '49.55', '2731.65'),
(286, 35, '17-Dec', 0, '1280.00', '1280.00', '745.00', '0.00', '745.00'),
(287, 38, '18-Jan', 0, '310.45', '310.45', '106.75', '0.00', '106.75'),
(288, 54, '17-Dec', 0, '960.00', '480.00', '480.00', '14.40', '960.00'),
(289, 100, '17-Dec', 0, '2700.00', '2700.00', '2700.00', '0.00', '2700.00'),
(290, 100, '18-Jan', 0, '2700.00', '2700.00', '2700.00', '0.00', '2700.00'),
(291, 99, '18-Jan', 0, '1000.00', '1000.00', '1000.00', '0.00', '1000.00'),
(292, 47, '18-Jan', 0, '2022.80', '0.00', '505.70', '60.68', '2528.50'),
(293, 47, '17-Dec', 0, '1517.10', '0.00', '505.70', '45.51', '2022.80'),
(294, 44, '17-Dec', 0, '1820.61', '0.00', '2200.00', '54.62', '4020.61'),
(295, 44, '18-Jan', 0, '2080.61', '0.00', '1720.00', '62.42', '3800.61'),
(296, 52, '17-Dec', 0, '1160.00', '0.00', '580.00', '34.80', '1740.00'),
(297, 53, '17-Dec', 0, '605.00', '0.00', '1235.00', '18.15', '1840.00'),
(298, 35, '18-Jan', 0, '745.00', '745.00', '870.00', '0.00', '870.00'),
(299, 48, '18-Jan', 0, '1125.00', '0.00', '1125.00', '33.75', '2250.00'),
(300, 101, '17-Dec', 0, '580.00', '0.00', '580.00', '17.40', '1160.00'),
(301, 101, '18-Jan', 0, '580.00', '0.00', '580.00', '17.40', '1160.00'),
(302, 102, '18-Jan', 0, '1000.00', '0.00', '999.99', '30.00', '1999.99'),
(303, 87, '18-Jan', 0, '700.00', '700.00', '700.00', '0.00', '700.00'),
(304, 100, '18-feb', 0, '2700.00', '2700.00', '2700.00', '0.00', '2700.00'),
(305, 26, '18-feb', 0, '2900.00', '1740.00', '580.00', '0.00', '1740.00'),
(306, 25, '18-feb', 0, '3480.00', '0.00', '580.00', '104.40', '4060.00'),
(307, 24, '18-feb', 0, '3480.00', '0.00', '580.00', '104.40', '4060.00'),
(308, 52, '18-feb', 0, '1160.00', '580.00', '580.00', '17.40', '1160.00'),
(309, 94, '18-feb', 0, '375.00', '375.00', '375.00', '0.00', '375.00'),
(310, 2, '18-feb', 0, '580.00', '580.00', '580.00', '34.80', '580.00'),
(311, 101, '18-feb', 0, '580.00', '0.00', '580.00', '17.40', '1160.00'),
(312, 47, '18-feb', 0, '2528.50', '0.00', '505.70', '75.86', '3034.20'),
(313, 35, '18-feb', 0, '870.00', '870.00', '395.00', '0.00', '395.00'),
(314, 103, '18-feb', 0, '0.00', '1000.00', '1000.00', '-30.00', '0.00'),
(315, 38, '18-feb', 0, '106.75', '0.00', '157.15', '3.20', '263.90'),
(316, 29, '18-feb', 0, '1965.00', '1965.00', '580.00', '0.00', '580.00'),
(317, 97, '18-feb', 0, '1750.00', '1750.00', '1750.00', '0.00', '1750.00'),
(318, 44, '18-feb', 0, '2100.61', '0.00', '1680.00', '63.02', '3780.61'),
(319, 21, '18-feb', 0, '505.70', '505.70', '505.70', '0.00', '505.70'),
(320, 28, '18-feb', 0, '3257.70', '1651.65', '1261.50', '48.18', '2867.55'),
(321, 98, '18-feb', 0, '4250.00', '4250.00', '2000.00', '0.00', '2000.00'),
(322, 93, '18-feb', 0, '1275.00', '1275.00', '1275.00', '0.00', '1275.00'),
(323, 16, '18-feb', 0, '4900.00', '5133.04', '4900.00', '-6.99', '4666.96'),
(324, 106, '18-feb', 0, '0.00', '0.00', '3301.45', '0.00', '3301.45'),
(325, 105, '18-feb', 0, '1000.00', '1000.00', '1000.00', '0.00', '1000.00'),
(326, 104, '18-feb', 0, '1000.00', '1000.00', '1000.00', '0.00', '1000.00'),
(327, 1, '18-mar', 0, '0.00', '0.00', '0.00', '0.00', '0.00'),
(328, 2, '18-mar', 0, '580.00', '0.00', '580.00', '0.00', '1160.00'),
(329, 21, '18-mar', 0, '505.70', '505.70', '505.70', '0.00', '505.70'),
(330, 24, '18-mar', 0, '4060.00', '0.00', '580.00', '0.00', '4640.00'),
(331, 25, '18-mar', 0, '4060.00', '0.00', '580.00', '0.00', '4640.00'),
(332, 26, '18-mar', 0, '1740.00', '1160.00', '580.00', '0.00', '1160.00'),
(333, 28, '18-mar', 0, '2867.55', '1080.00', '1087.50', '0.00', '2875.05'),
(334, 29, '18-mar', 0, '580.00', '0.00', '605.00', '0.00', '1185.00'),
(335, 31, '18-mar', 0, '0.00', '0.00', '0.00', '0.00', '0.00'),
(336, 35, '18-mar', 0, '395.00', '395.00', '95.00', '0.00', '95.00'),
(337, 38, '18-mar', 0, '263.90', '0.00', '124.00', '0.00', '387.90'),
(338, 44, '18-mar', 0, '3780.61', '0.00', '0.00', '0.00', '3780.61'),
(339, 45, '18-mar', 0, '0.00', '0.00', '0.00', '0.00', '0.00'),
(340, 47, '18-mar', 0, '3034.20', '0.00', '505.70', '0.00', '3539.90'),
(341, 51, '18-mar', 0, '0.00', '0.00', '0.00', '0.00', '0.00'),
(342, 52, '18-mar', 0, '1160.00', '580.00', '580.00', '0.00', '1160.00'),
(343, 53, '18-mar', 657, '1185.00', '0.00', '580.00', '0.00', '1765.00'),
(344, 54, '18-mar', 0, '0.00', '480.00', '0.00', '0.00', '-480.00'),
(345, 55, '18-mar', 0, '0.00', '0.00', '0.00', '0.00', '0.00'),
(346, 56, '18-mar', 0, '0.00', '0.00', '0.00', '0.00', '0.00'),
(347, 57, '18-mar', 0, '0.00', '0.00', '0.00', '0.00', '0.00'),
(348, 58, '18-mar', 0, '0.00', '0.00', '0.00', '0.00', '0.00'),
(349, 72, '18-mar', 0, '0.00', '0.00', '0.00', '0.00', '0.00'),
(350, 87, '18-mar', 0, '0.00', '700.00', '700.00', '0.00', '700.00'),
(351, 89, '18-mar', 0, '0.00', '0.00', '1500.00', '0.00', '1500.00'),
(352, 94, '18-mar', 0, '375.00', '375.00', '375.00', '0.00', '375.00'),
(353, 100, '18-mar', 0, '2700.00', '2700.00', '2700.00', '0.00', '2700.00'),
(354, 53, '18-feb', 657, '605.00', '0.00', '580.00', '0.00', '1185.00'),
(355, 2, '18-Apr', 0, '1160.00', '0.00', '580.00', '0.00', '1740.00'),
(356, 16, '18-Apr', 0, '0.00', '0.00', '0.00', '0.00', '0.00'),
(357, 21, '18-Apr', 0, '505.70', '1011.40', '505.70', '0.00', '0.00'),
(358, 24, '18-Apr', 0, '4640.00', '0.00', '580.00', '0.00', '5220.00'),
(359, 25, '18-Apr', 0, '4640.00', '5220.00', '580.00', '0.00', '0.00'),
(360, 26, '18-Apr', 0, '1160.00', '0.00', '580.00', '0.00', '1740.00'),
(361, 28, '18-Apr', 0, '2875.05', '1261.50', '1080.00', '0.00', '2693.55'),
(362, 29, '18-Apr', 0, '1185.00', '580.00', '480.00', '0.00', '1085.00'),
(363, 31, '18-Apr', 0, '0.00', '0.00', '0.00', '0.00', '0.00'),
(364, 35, '18-Apr', 0, '95.00', '0.00', '95.00', '0.00', '190.00'),
(365, 38, '18-Apr', 0, '387.90', '0.00', '0.00', '0.00', '387.90'),
(366, 47, '18-Apr', 0, '3539.90', '2528.50', '505.70', '0.00', '1517.10'),
(367, 48, '18-Apr', 0, '0.00', '0.00', '1125.00', '0.00', '1125.00'),
(368, 52, '18-Apr', 0, '1160.00', '580.00', '580.00', '0.00', '1160.00'),
(369, 53, '18-Apr', 0, '1765.00', '1765.00', '580.00', '0.00', '580.00'),
(370, 1, '18-Apr', 0, '0.00', '0.00', '0.00', '0.00', '0.00'),
(371, 81, '18-Apr', 0, '0.00', '0.00', '0.00', '0.00', '0.00'),
(372, 87, '18-Apr', 0, '700.00', '700.00', '0.00', '0.00', '0.00'),
(373, 94, '18-Apr', 0, '375.00', '375.00', '375.00', '0.00', '375.00'),
(374, 97, '18-Apr', 0, '0.00', '0.00', '0.00', '0.00', '0.00'),
(375, 99, '18-Apr', 0, '0.00', '0.00', '1000.00', '0.00', '1000.00'),
(376, 100, '18-Apr', 0, '2700.00', '5400.00', '2700.00', '0.00', '0.00'),
(377, 102, '18-Apr', 0, '0.00', '0.00', '1000.00', '0.00', '1000.00'),
(378, 103, '18-Apr', 0, '0.00', '0.00', '0.00', '0.00', '0.00'),
(379, 104, '18-Apr', 0, '0.00', '0.00', '0.00', '0.00', '0.00'),
(380, 105, '18-Apr', 0, '0.00', '0.00', '0.00', '0.00', '0.00'),
(381, 107, '18-Apr', 0, '0.00', '0.00', '500.00', '0.00', '500.00'),
(382, 108, '18-Apr', 0, '0.00', '0.00', '0.00', '0.00', '0.00'),
(383, 109, '18-Apr', 0, '0.00', '0.00', '0.00', '0.00', '0.00'),
(384, 110, '18-Apr', 0, '0.00', '0.00', '0.00', '0.00', '0.00'),
(385, 112, '18-Apr', 0, '0.00', '0.00', '0.00', '0.00', '0.00'),
(386, 2, '18-may', 0, '1740.00', '1740.00', '580.00', '0.00', '580.00'),
(387, 16, '18-may', 0, '0.00', '0.00', '0.00', '0.00', '0.00'),
(388, 21, '18-may', 0, '0.00', '505.70', '505.70', '0.00', '0.00'),
(389, 24, '18-may', 0, '5220.00', '1160.00', '580.00', '0.00', '4640.00'),
(390, 25, '18-may', 0, '0.00', '580.00', '580.00', '0.00', '0.00'),
(391, 26, '18-may', 0, '1740.00', '1160.00', '580.00', '0.00', '1160.00'),
(392, 28, '18-may', 0, '2693.55', '0.00', '1223.70', '0.00', '3391.20'),
(393, 29, '18-may', 0, '1085.00', '0.00', '480.00', '0.00', '1565.00'),
(394, 31, '18-may', 0, '0.00', '0.00', '0.00', '0.00', '0.00'),
(395, 35, '18-may', 0, '190.00', '0.00', '95.00', '0.00', '285.00'),
(396, 38, '18-may', 0, '387.90', '0.00', '0.00', '0.00', '387.90'),
(397, 47, '18-may', 0, '1517.10', '0.00', '505.70', '0.00', '2022.80'),
(398, 48, '18-may', 0, '1125.00', '0.00', '0.00', '0.00', '1125.00'),
(399, 52, '18-may', 0, '1160.00', '580.00', '580.00', '0.00', '1160.00'),
(400, 53, '18-may', 0, '580.00', '0.00', '580.00', '0.00', '1160.00'),
(401, 1, '18-may', 0, '0.00', '0.00', '0.00', '0.00', '0.00'),
(402, 81, '18-may', 0, '0.00', '0.00', '0.00', '0.00', '0.00'),
(403, 87, '18-may', 0, '0.00', '0.00', '700.00', '0.00', '700.00'),
(404, 94, '18-may', 0, '375.00', '0.00', '375.00', '0.00', '750.00'),
(405, 97, '18-may', 0, '0.00', '0.00', '0.00', '0.00', '0.00'),
(406, 99, '18-may', 0, '1000.00', '0.00', '0.00', '0.00', '1000.00'),
(407, 100, '18-may', 0, '0.00', '0.00', '2700.00', '0.00', '2700.00'),
(408, 102, '18-may', 0, '1000.00', '0.00', '0.00', '0.00', '1000.00'),
(409, 103, '18-may', 0, '0.00', '0.00', '1000.00', '0.00', '1048.30'),
(410, 104, '18-may', 0, '0.00', '0.00', '1000.00', '0.00', '1000.00'),
(411, 105, '18-may', 0, '0.00', '0.00', '1000.00', '0.00', '1000.00'),
(412, 107, '18-may', 0, '500.00', '0.00', '500.00', '0.00', '1000.00'),
(413, 108, '18-may', 0, '0.00', '0.00', '2000.00', '0.00', '2000.00'),
(414, 109, '18-may', 0, '0.00', '0.00', '1000.00', '0.00', '1000.00'),
(415, 110, '18-may', 0, '0.00', '0.00', '0.00', '0.00', '0.00'),
(416, 112, '18-may', 0, '0.00', '0.00', '0.00', '0.00', '0.00'),
(417, 2, '18-jun', 0, '580.00', '580.00', '580.00', '0.00', '580.00'),
(418, 16, '18-jun', 0, '0.00', '0.00', '0.00', '0.00', '0.00'),
(419, 21, '18-jun', 0, '0.00', '0.00', '505.70', '0.00', '505.70'),
(420, 24, '18-jun', 0, '4640.00', '580.00', '580.00', '0.00', '4640.00'),
(421, 25, '18-jun', 0, '0.00', '580.00', '580.00', '0.00', '0.00'),
(422, 26, '18-jun', 0, '1160.00', '580.00', '580.00', '0.00', '1160.00'),
(423, 28, '18-jun', 0, '3391.20', '2167.50', '1080.00', '0.00', '2303.70'),
(424, 29, '18-jun', 0, '1565.00', '0.00', '480.00', '0.00', '2045.00'),
(425, 31, '18-jun', 0, '0.00', '0.00', '0.00', '0.00', '0.00'),
(426, 35, '18-jun', 0, '285.00', '285.00', '95.00', '0.00', '95.00'),
(427, 38, '18-jun', 0, '387.90', '0.00', '0.00', '0.00', '387.90'),
(428, 47, '18-jun', 0, '2022.80', '0.00', '505.70', '0.00', '2528.50'),
(429, 48, '18-jun', 0, '1125.00', '1125.00', '0.00', '0.00', '0.00'),
(430, 52, '18-jun', 0, '1160.00', '580.00', '580.00', '0.00', '1160.00'),
(431, 53, '18-jun', 0, '1160.00', '0.00', '580.00', '0.00', '1740.00'),
(432, 1, '18-jun', 0, '0.00', '0.00', '0.00', '0.00', '0.00'),
(433, 81, '18-jun', 0, '0.00', '0.00', '0.00', '0.00', '0.00'),
(434, 87, '18-jun', 0, '700.00', '0.00', '0.00', '0.00', '700.00'),
(435, 94, '18-jun', 0, '750.00', '375.00', '375.00', '0.00', '750.00'),
(436, 97, '18-jun', 0, '0.00', '0.00', '0.00', '0.00', '0.00'),
(437, 99, '18-jun', 0, '1000.00', '1000.00', '0.00', '0.00', '0.00'),
(438, 100, '18-jun', 0, '2700.00', '2700.00', '2700.00', '0.00', '2700.00'),
(439, 102, '18-jun', 0, '1000.00', '0.00', '0.00', '0.00', '1000.00'),
(440, 103, '18-jun', 0, '1048.30', '1048.30', '0.00', '0.00', '0.00'),
(441, 104, '18-jun', 0, '1000.00', '1000.00', '0.00', '0.00', '0.00'),
(442, 105, '18-jun', 0, '1000.00', '0.00', '0.00', '0.00', '1000.00'),
(443, 107, '18-jun', 0, '1000.00', '0.00', '500.00', '0.00', '1500.00'),
(444, 108, '18-jun', 0, '2000.00', '2000.00', '0.00', '0.00', '0.00'),
(445, 109, '18-jun', 0, '1000.00', '1420.00', '0.00', '0.00', '0.00'),
(446, 110, '18-jun', 0, '0.00', '0.00', '0.00', '0.00', '0.00'),
(447, 112, '18-jun', 0, '0.00', '0.00', '0.00', '0.00', '0.00'),
(448, 2, '18-jul', 0, '580.00', '580.00', '580.00', '0.00', '580.00'),
(449, 16, '18-jul', 0, '0.00', '0.00', '0.00', '0.00', '0.00'),
(450, 21, '18-jul', 0, '505.70', '1011.40', '505.70', '0.00', '0.00'),
(451, 24, '18-jul', 0, '4640.00', '0.00', '580.00', '0.00', '5220.00'),
(452, 25, '18-jul', 0, '0.00', '580.00', '580.00', '0.00', '0.00'),
(453, 26, '18-jul', 0, '1160.00', '580.00', '580.00', '0.00', '1160.00'),
(454, 28, '18-jul', 0, '2302.70', '1223.70', '850.00', '0.00', '1930.00'),
(455, 29, '18-jul', 0, '2045.00', '0.00', '480.00', '0.00', '2525.00'),
(456, 31, '18-jul', 0, '0.00', '0.00', '0.00', '0.00', '0.00'),
(457, 35, '18-jul', 0, '95.00', '0.00', '95.00', '0.00', '190.00'),
(458, 38, '18-jul', 0, '387.90', '838.95', '0.00', '0.00', '-451.05'),
(459, 47, '18-jul', 0, '2528.50', '0.00', '505.70', '0.00', '3034.20'),
(460, 48, '18-jul', 0, '0.00', '0.00', '1125.00', '0.00', '1125.00'),
(461, 52, '18-jul', 0, '1160.00', '580.00', '580.00', '0.00', '1160.00'),
(462, 53, '18-jul', 0, '1740.00', '0.00', '580.00', '0.00', '2320.00'),
(463, 1, '18-jul', 0, '0.00', '0.00', '0.00', '0.00', '0.00'),
(464, 81, '18-jul', 0, '0.00', '0.00', '0.00', '0.00', '0.00'),
(465, 87, '18-jul', 0, '700.00', '700.00', '700.00', '0.00', '700.00'),
(466, 94, '18-jul', 0, '750.00', '750.00', '375.00', '0.00', '375.00'),
(467, 97, '18-jul', 0, '0.00', '0.00', '0.00', '0.00', '0.00'),
(468, 99, '18-jul', 0, '0.00', '0.00', '1000.00', '0.00', '1000.00'),
(469, 100, '18-jul', 0, '2700.00', '2700.00', '2700.00', '0.00', '2700.00'),
(470, 102, '18-jul', 0, '1000.00', '0.00', '1000.00', '0.00', '2000.00'),
(471, 103, '18-jul', 0, '0.00', '0.00', '0.00', '0.00', '0.00'),
(472, 104, '18-jul', 0, '0.00', '0.00', '0.00', '0.00', '0.00'),
(473, 105, '18-jul', 0, '1000.00', '0.00', '0.00', '0.00', '1000.00'),
(474, 107, '18-jul', 0, '1500.00', '0.00', '0.00', '0.00', '1500.00'),
(475, 108, '18-jul', 0, '0.00', '0.00', '0.00', '0.00', '0.00'),
(476, 109, '18-jul', 0, '0.00', '157.50', '207.50', '0.00', '-1032.50'),
(477, 110, '18-jul', 0, '0.00', '0.00', '0.00', '0.00', '0.00'),
(478, 112, '18-jul', 0, '0.00', '0.00', '0.00', '0.00', '0.00'),
(479, 2, '18-Aug', 0, '580.00', '580.00', '580.00', '0.00', '580.00'),
(480, 16, '18-Aug', 0, '0.00', '0.00', '0.00', '0.00', '0.00'),
(481, 21, '18-Aug', 0, '0.00', '0.00', '505.70', '0.00', '505.70'),
(482, 24, '18-Aug', 0, '5220.00', '1740.00', '580.00', '0.00', '4060.00'),
(483, 25, '18-Aug', 0, '0.00', '580.00', '580.00', '0.00', '0.00'),
(484, 26, '18-Aug', 0, '1160.00', '580.00', '580.00', '0.00', '1160.00'),
(485, 28, '18-Aug', 0, '1930.00', '1080.00', '932.50', '0.00', '1782.50'),
(486, 29, '18-Aug', 0, '2525.00', '0.00', '480.00', '0.00', '3005.00'),
(487, 31, '18-Aug', 0, '0.00', '0.00', '0.00', '0.00', '0.00'),
(488, 35, '18-Aug', 0, '190.00', '0.00', '95.00', '0.00', '285.00'),
(489, 38, '18-Aug', 0, '-451.05', '0.00', '0.00', '0.00', '-451.05'),
(490, 47, '18-Aug', 0, '3034.20', '0.00', '505.70', '0.00', '3539.90'),
(491, 48, '18-Aug', 0, '1125.00', '0.00', '0.00', '0.00', '1125.00'),
(492, 52, '18-Aug', 0, '1160.00', '580.00', '580.00', '0.00', '1160.00'),
(493, 53, '18-Aug', 0, '2320.00', '0.00', '580.00', '0.00', '2900.00'),
(494, 1, '18-Aug', 0, '0.00', '0.00', '0.00', '0.00', '0.00'),
(495, 81, '18-Aug', 0, '0.00', '0.00', '5800.00', '0.00', '5800.00'),
(496, 87, '18-Aug', 0, '700.00', '700.00', '0.00', '0.00', '0.00'),
(497, 94, '18-Aug', 0, '375.00', '375.00', '375.00', '0.00', '375.00'),
(498, 97, '18-Aug', 0, '0.00', '0.00', '1750.00', '0.00', '1750.00'),
(499, 99, '18-Aug', 0, '1000.00', '0.00', '0.00', '0.00', '1000.00'),
(500, 100, '18-Aug', 0, '2700.00', '2700.00', '2700.00', '0.00', '2700.00'),
(501, 102, '18-Aug', 0, '2000.00', '0.00', '0.00', '0.00', '2000.00'),
(502, 103, '18-Aug', 0, '0.00', '0.00', '1069.60', '0.00', '1069.60'),
(503, 104, '18-Aug', 0, '0.00', '0.00', '1000.00', '0.00', '1000.00'),
(504, 105, '18-Aug', 0, '1000.00', '0.00', '1000.00', '0.00', '2000.00'),
(505, 107, '18-Aug', 0, '1500.00', '0.00', '500.00', '0.00', '2000.00'),
(506, 108, '18-Aug', 0, '0.00', '0.00', '0.00', '0.00', '0.00'),
(507, 109, '18-Aug', 0, '-1032.50', '0.00', '1000.00', '0.00', '-32.50'),
(508, 110, '18-Aug', 0, '0.00', '0.00', '1000.00', '0.00', '1000.00'),
(509, 112, '18-Aug', 0, '0.00', '0.00', '0.00', '0.00', '0.00'),
(510, 2, '18-sep', 0, '580.00', '580.00', '580.00', '0.00', '580.00'),
(511, 16, '18-sep', 0, '0.00', '0.00', '0.00', '0.00', '0.00'),
(512, 21, '18-sep', 0, '505.70', '1011.40', '505.70', '0.00', '0.00'),
(513, 24, '18-sep', 0, '4060.00', '0.00', '580.00', '0.00', '4640.00'),
(514, 25, '18-sep', 0, '0.00', '0.00', '580.00', '0.00', '580.00'),
(515, 26, '18-sep', 0, '1160.00', '580.00', '580.00', '0.00', '1160.00'),
(516, 28, '18-sep', 0, '1782.50', '850.00', '934.90', '0.00', '1867.40'),
(517, 29, '18-sep', 0, '3005.00', '2520.00', '480.00', '0.00', '965.00'),
(518, 31, '18-sep', 0, '0.00', '0.00', '0.00', '0.00', '0.00'),
(519, 35, '18-sep', 0, '285.00', '0.00', '95.00', '0.00', '380.00'),
(520, 38, '18-sep', 0, '-451.05', '0.00', '0.00', '0.00', '-451.05'),
(521, 47, '18-sep', 0, '3539.90', '0.00', '505.70', '0.00', '4045.60'),
(522, 48, '18-sep', 0, '1125.00', '0.00', '0.00', '0.00', '1125.00'),
(523, 52, '18-sep', 0, '1160.00', '1160.00', '580.00', '0.00', '580.00'),
(524, 53, '18-sep', 0, '2900.00', '0.00', '580.00', '0.00', '3480.00'),
(525, 1, '18-sep', 0, '0.00', '0.00', '0.00', '0.00', '0.00'),
(526, 81, '18-sep', 0, '5800.00', '5800.00', '0.00', '0.00', '0.00'),
(527, 87, '18-sep', 0, '0.00', '0.00', '700.00', '0.00', '700.00'),
(528, 94, '18-sep', 0, '375.00', '375.00', '375.00', '0.00', '375.00'),
(529, 97, '18-sep', 0, '1750.00', '0.00', '0.00', '0.00', '1750.00'),
(530, 99, '18-sep', 0, '1000.00', '0.00', '0.00', '0.00', '1000.00'),
(531, 100, '18-sep', 0, '2700.00', '2700.00', '2700.00', '0.00', '2700.00'),
(532, 102, '18-sep', 0, '2000.00', '0.00', '0.00', '0.00', '2000.00'),
(533, 103, '18-sep', 0, '1069.60', '1069.60', '0.00', '0.00', '0.00'),
(534, 104, '18-sep', 0, '1000.00', '0.00', '0.00', '0.00', '1000.00'),
(535, 105, '18-sep', 0, '2000.00', '0.00', '0.00', '0.00', '2000.00'),
(536, 107, '18-sep', 0, '2000.00', '0.00', '0.00', '0.00', '2000.00'),
(537, 108, '18-sep', 0, '0.00', '0.00', '0.00', '0.00', '0.00'),
(538, 109, '18-sep', 0, '-32.50', '0.00', '0.00', '0.00', '-32.50'),
(539, 110, '18-sep', 0, '1000.00', '1000.00', '0.00', '0.00', '0.00'),
(540, 112, '18-sep', 0, '0.00', '0.00', '0.00', '0.00', '0.00'),
(541, 2, '18-oct', 0, '580.00', '0.00', '580.00', '0.00', '1160.00'),
(542, 16, '18-oct', 0, '0.00', '0.00', '0.00', '0.00', '0.00'),
(543, 21, '18-oct', 0, '0.00', '0.00', '505.70', '0.00', '505.70'),
(544, 24, '18-oct', 0, '4640.00', '0.00', '580.00', '0.00', '5220.00'),
(545, 25, '18-oct', 0, '580.00', '580.00', '580.00', '0.00', '580.00'),
(546, 26, '18-oct', 0, '1160.00', '580.00', '580.00', '0.00', '1160.00'),
(547, 28, '18-oct', 0, '1867.40', '0.00', '850.00', '0.00', '2717.40'),
(548, 29, '18-oct', 0, '965.00', '0.00', '480.00', '0.00', '1445.00'),
(549, 31, '18-oct', 0, '0.00', '0.00', '0.00', '0.00', '0.00'),
(550, 35, '18-oct', 0, '380.00', '0.00', '95.00', '0.00', '475.00'),
(551, 38, '18-oct', 0, '-451.05', '0.00', '0.00', '0.00', '-451.05'),
(552, 47, '18-oct', 0, '4045.60', '0.00', '505.70', '0.00', '4551.30'),
(553, 48, '18-oct', 0, '1125.00', '1125.00', '1125.00', '0.00', '1125.00'),
(554, 52, '18-oct', 0, '580.00', '0.00', '580.00', '0.00', '1160.00'),
(555, 53, '18-oct', 0, '3480.00', '0.00', '580.00', '0.00', '4060.00'),
(556, 1, '18-oct', 0, '0.00', '0.00', '0.00', '0.00', '0.00'),
(557, 81, '18-oct', 0, '0.00', '0.00', '0.00', '0.00', '0.00'),
(558, 87, '18-oct', 0, '700.00', '0.00', '0.00', '0.00', '700.00'),
(559, 94, '18-oct', 0, '375.00', '375.00', '375.00', '0.00', '375.00'),
(560, 97, '18-oct', 0, '1750.00', '0.00', '0.00', '0.00', '1750.00'),
(561, 99, '18-oct', 0, '1000.00', '0.00', '1000.00', '0.00', '2000.00'),
(562, 100, '18-oct', 0, '27000.00', '2700.00', '2700.00', '0.00', '27000.00'),
(563, 102, '18-oct', 0, '2000.00', '0.00', '1000.00', '0.00', '3000.00'),
(564, 103, '18-oct', 0, '0.00', '0.00', '0.00', '0.00', '0.00'),
(565, 104, '18-oct', 0, '1000.00', '0.00', '0.00', '0.00', '1000.00'),
(566, 105, '18-oct', 0, '2000.00', '0.00', '0.00', '0.00', '2000.00'),
(567, 107, '18-oct', 0, '2000.00', '0.00', '500.00', '0.00', '2500.00'),
(568, 108, '18-oct', 0, '0.00', '0.00', '0.00', '0.00', '0.00'),
(569, 109, '18-oct', 0, '-32.50', '0.00', '0.00', '0.00', '-32.50'),
(570, 110, '18-oct', 0, '0.00', '0.00', '0.00', '0.00', '0.00'),
(571, 112, '18-oct', 0, '0.00', '0.00', '0.00', '0.00', '0.00'),
(572, 115, '18-oct', 0, '0.00', '0.00', '0.00', '0.00', '0.00'),
(573, 2, '18-nov', 0, '1160.00', '1160.00', '580.00', '0.00', '580.00'),
(574, 16, '18-nov', 0, '0.00', '0.00', '0.00', '0.00', '0.00'),
(575, 21, '18-nov', 0, '505.70', '505.70', '505.70', '0.00', '505.70'),
(576, 24, '18-nov', 0, '5220.00', '1740.00', '580.00', '0.00', '4060.00'),
(577, 25, '18-nov', 0, '580.00', '1160.00', '580.00', '0.00', '0.00'),
(578, 26, '18-nov', 0, '1160.00', '580.00', '580.00', '0.00', '1160.00'),
(579, 28, '18-nov', 0, '2717.40', '1867.40', '1032.70', '0.00', '1882.70'),
(580, 29, '18-nov', 0, '1445.00', '0.00', '615.50', '0.00', '1925.00'),
(581, 31, '18-nov', 0, '0.00', '0.00', '0.00', '0.00', '0.00'),
(582, 35, '18-nov', 0, '475.00', '0.00', '95.00', '0.00', '570.00'),
(583, 38, '18-nov', 0, '-451.05', '0.00', '0.00', '0.00', '-451.05'),
(584, 47, '18-nov', 0, '4551.30', '0.00', '505.70', '0.00', '5057.00'),
(585, 48, '18-nov', 0, '1125.00', '0.00', '0.00', '0.00', '1125.00'),
(586, 52, '18-nov', 0, '1160.00', '580.00', '580.00', '0.00', '1740.00'),
(587, 53, '18-nov', 0, '4060.00', '0.00', '580.00', '0.00', '4640.00'),
(588, 1, '18-nov', 0, '0.00', '0.00', '0.00', '0.00', '0.00'),
(589, 81, '18-nov', 0, '0.00', '0.00', '0.00', '0.00', '0.00'),
(590, 87, '18-nov', 0, '700.00', '700.00', '700.00', '0.00', '700.00'),
(591, 94, '18-nov', 0, '375.00', '375.00', '375.00', '0.00', '375.00'),
(592, 97, '18-nov', 0, '1750.00', '0.00', '0.00', '0.00', '1750.00'),
(593, 99, '18-nov', 0, '2000.00', '0.00', '0.00', '0.00', '2000.00'),
(594, 100, '18-nov', 0, '27000.00', '2700.00', '2700.00', '0.00', '27000.00'),
(595, 102, '18-nov', 0, '3000.00', '0.00', '0.00', '0.00', '3000.00'),
(596, 103, '18-nov', 0, '0.00', '0.00', '1000.00', '0.00', '1000.00'),
(597, 104, '18-nov', 0, '1000.00', '0.00', '1000.00', '0.00', '2000.00'),
(598, 105, '18-nov', 0, '2000.00', '0.00', '0.00', '0.00', '2000.00'),
(599, 107, '18-nov', 0, '2500.00', '0.00', '0.00', '0.00', '2500.00'),
(600, 108, '18-nov', 0, '0.00', '0.00', '2000.00', '0.00', '2000.00'),
(601, 109, '18-nov', 0, '-32.50', '0.00', '1000.00', '0.00', '967.50'),
(602, 110, '18-nov', 0, '0.00', '0.00', '1000.00', '0.00', '1000.00'),
(603, 112, '18-nov', 0, '0.00', '2000.00', '2000.00', '0.00', '0.00'),
(604, 115, '18-nov', 0, '0.00', '0.00', '0.00', '0.00', '0.00'),
(605, 2, '18-Dec', 0, '580.00', '580.00', '580.00', '0.00', '580.00'),
(606, 16, '18-Dec', 0, '0.00', '0.00', '0.00', '0.00', '0.00'),
(607, 21, '18-Dec', 0, '505.70', '1011.40', '505.70', '0.00', '0.00'),
(608, 24, '18-Dec', 0, '4060.00', '580.00', '580.00', '0.00', '4060.00'),
(609, 25, '18-Dec', 0, '0.00', '0.00', '580.00', '0.00', '580.00'),
(610, 26, '18-Dec', 0, '1160.00', '0.00', '580.00', '0.00', '1740.00'),
(611, 28, '18-Dec', 0, '1882.70', '0.00', '1300.00', '0.00', '3182.70'),
(612, 29, '18-Dec', 0, '1925.00', '0.00', '615.50', '0.00', '2405.00'),
(613, 31, '18-Dec', 0, '0.00', '0.00', '0.00', '0.00', '0.00'),
(614, 35, '18-Dec', 0, '570.00', '0.00', '95.00', '0.00', '665.00'),
(615, 38, '18-Dec', 0, '-451.05', '0.00', '0.00', '0.00', '-451.05'),
(616, 47, '18-Dec', 0, '5057.00', '0.00', '505.70', '0.00', '5562.70'),
(617, 48, '18-Dec', 0, '1125.00', '0.00', '0.00', '0.00', '1125.00'),
(618, 52, '18-Dec', 0, '1740.00', '580.00', '580.00', '0.00', '1740.00'),
(619, 53, '18-Dec', 0, '4640.00', '0.00', '580.00', '0.00', '5220.00'),
(620, 1, '18-Dec', 0, '0.00', '0.00', '0.00', '0.00', '0.00'),
(621, 81, '18-Dec', 0, '0.00', '0.00', '0.00', '0.00', '0.00'),
(622, 87, '18-Dec', 0, '700.00', '700.00', '0.00', '0.00', '0.00'),
(623, 94, '18-Dec', 0, '375.00', '375.00', '375.00', '0.00', '375.00'),
(624, 97, '18-Dec', 0, '1750.00', '0.00', '0.00', '0.00', '1750.00'),
(625, 99, '18-Dec', 0, '2000.00', '0.00', '0.00', '0.00', '2000.00'),
(626, 100, '18-Dec', 0, '27000.00', '2700.00', '2700.00', '0.00', '27000.00'),
(627, 102, '18-Dec', 0, '3000.00', '0.00', '0.00', '0.00', '3000.00'),
(628, 103, '18-Dec', 0, '1000.00', '1179.90', '0.00', '0.00', '-179.90'),
(629, 104, '18-Dec', 0, '2000.00', '1000.00', '0.00', '0.00', '1000.00'),
(630, 105, '18-Dec', 0, '2000.00', '0.00', '0.00', '0.00', '2000.00'),
(631, 107, '18-Dec', 0, '2500.00', '0.00', '500.00', '0.00', '3000.00'),
(632, 108, '18-Dec', 0, '2000.00', '0.00', '0.00', '0.00', '2000.00'),
(633, 109, '18-Dec', 0, '967.50', '2156.00', '0.00', '0.00', '-1188.50'),
(634, 110, '18-Dec', 0, '1000.00', '0.00', '0.00', '0.00', '1000.00'),
(635, 112, '18-Dec', 0, '0.00', '0.00', '0.00', '0.00', '0.00'),
(636, 115, '18-Dec', 0, '0.00', '0.00', '0.00', '0.00', '0.00'),
(637, 2, '19-Jan', 0, '580.00', '580.00', '580.00', '0.00', '580.00'),
(638, 16, '19-Jan', 0, '0.00', '0.00', '0.00', '0.00', '0.00'),
(639, 21, '19-Jan', 0, '0.00', '0.00', '505.70', '0.00', '505.70'),
(640, 24, '19-Jan', 0, '2900.00', '0.00', '580.00', '0.00', '3480.00'),
(641, 25, '19-Jan', 0, '580.00', '0.00', '580.00', '0.00', '1160.00'),
(642, 26, '19-Jan', 0, '1740.00', '0.00', '580.00', '0.00', '2320.00'),
(643, 28, '19-Jan', 0, '3182.70', '1882.70', '891.70', '0.00', '2191.70'),
(644, 29, '19-Jan', 0, '3092.50', '3092.50', '480.00', '0.00', '960.00'),
(645, 35, '19-Jan', 0, '665.00', '0.00', '95.00', '0.00', '760.00'),
(646, 38, '19-Jan', 0, '-451.05', '0.00', '0.00', '0.00', '-451.05'),
(647, 47, '19-Jan', 0, '5562.70', '0.00', '505.70', '0.00', '6068.40'),
(648, 48, '19-Jan', 0, '1125.00', '1125.00', '1125.00', '0.00', '1125.00'),
(649, 52, '19-Jan', 0, '1740.00', '580.00', '580.00', '0.00', '1740.00'),
(650, 53, '19-Jan', 0, '5220.00', '2507.50', '580.00', '0.00', '3292.50'),
(651, 1, '19-Jan', 0, '0.00', '0.00', '0.00', '0.00', '0.00'),
(652, 81, '19-Jan', 0, '0.00', '0.00', '0.00', '0.00', '0.00'),
(653, 87, '19-Jan', 0, '0.00', '0.00', '700.00', '0.00', '700.00'),
(654, 94, '19-Jan', 0, '375.00', '375.00', '375.00', '0.00', '375.00'),
(655, 97, '19-Jan', 0, '1750.00', '0.00', '0.00', '0.00', '1750.00'),
(656, 99, '19-Jan', 0, '2000.00', '0.00', '1000.00', '0.00', '3000.00'),
(657, 100, '19-Jan', 0, '27000.00', '2700.00', '2700.00', '0.00', '27000.00'),
(658, 102, '19-Jan', 0, '3000.00', '0.00', '1000.00', '0.00', '4000.00'),
(659, 103, '19-Jan', 0, '-179.90', '0.00', '0.00', '0.00', '-179.90'),
(660, 104, '19-Jan', 0, '1000.00', '0.00', '0.00', '0.00', '1000.00'),
(661, 105, '19-Jan', 0, '2000.00', '0.00', '0.00', '0.00', '2000.00'),
(662, 107, '19-Jan', 0, '3000.00', '0.00', '0.00', '0.00', '3000.00'),
(663, 108, '19-Jan', 0, '2000.00', '0.00', '0.00', '0.00', '2000.00'),
(664, 109, '19-Jan', 0, '-1188.50', '0.00', '0.00', '0.00', '-1188.50'),
(665, 110, '19-Jan', 0, '1000.00', '0.00', '0.00', '0.00', '1000.00'),
(666, 112, '19-Jan', 0, '0.00', '0.00', '0.00', '0.00', '0.00'),
(667, 115, '19-Jan', 0, '0.00', '0.00', '0.00', '0.00', '0.00'),
(668, 116, '19-Jan', 0, '0.00', '0.00', '0.00', '0.00', '0.00'),
(669, 2, '19-feb', 0, '580.00', '580.00', '580.00', '0.00', '580.00'),
(670, 16, '19-feb', 0, '0.00', '0.00', '4900.00', '0.00', '4900.00'),
(671, 21, '19-feb', 0, '505.70', '505.70', '505.70', '0.00', '505.70'),
(672, 24, '19-feb', 0, '3480.00', '580.00', '580.00', '0.00', '3480.00'),
(673, 25, '19-feb', 0, '1160.00', '580.00', '580.00', '0.00', '1160.00'),
(674, 26, '19-feb', 0, '2320.00', '1160.00', '580.00', '0.00', '1740.00'),
(675, 28, '19-feb', 0, '2191.70', '1300.00', '850.00', '0.00', '1741.70'),
(676, 29, '19-feb', 0, '960.00', '0.00', '480.00', '0.00', '1440.00'),
(677, 35, '19-feb', 0, '760.00', '0.00', '95.00', '0.00', '855.00'),
(678, 38, '19-feb', 0, '-451.05', '0.00', '0.00', '0.00', '-451.05'),
(679, 47, '19-feb', 0, '6068.40', '0.00', '505.70', '0.00', '6574.10'),
(680, 48, '19-feb', 0, '1125.00', '1125.00', '0.00', '0.00', '0.00'),
(681, 52, '19-feb', 0, '1740.00', '0.00', '580.00', '0.00', '2320.00'),
(682, 53, '19-feb', 0, '3292.50', '2947.50', '580.00', '0.00', '925.00'),
(683, 1, '19-feb', 0, '0.00', '0.00', '0.00', '0.00', '0.00'),
(684, 81, '19-feb', 0, '0.00', '0.00', '0.00', '0.00', '0.00'),
(685, 87, '19-feb', 0, '700.00', '700.00', '0.00', '0.00', '0.00'),
(686, 94, '19-feb', 0, '375.00', '375.00', '375.00', '0.00', '375.00'),
(687, 97, '19-feb', 0, '1750.00', '1750.00', '1750.00', '0.00', '1750.00'),
(688, 99, '19-feb', 0, '3000.00', '0.00', '0.00', '0.00', '3000.00'),
(689, 100, '19-feb', 0, '27000.00', '2700.00', '2700.00', '0.00', '27000.00'),
(690, 102, '19-feb', 0, '4000.00', '0.00', '0.00', '0.00', '4000.00'),
(691, 103, '19-feb', 0, '-179.90', '0.00', '1000.00', '0.00', '820.10'),
(692, 104, '19-feb', 0, '1000.00', '0.00', '1000.00', '0.00', '2000.00'),
(693, 105, '19-feb', 0, '2000.00', '0.00', '1000.00', '0.00', '3000.00'),
(694, 107, '19-feb', 0, '3000.00', '0.00', '500.00', '0.00', '3500.00'),
(695, 108, '19-feb', 0, '2000.00', '0.00', '0.00', '0.00', '2000.00'),
(696, 109, '19-feb', 0, '-1188.50', '0.00', '1000.00', '0.00', '-188.50'),
(697, 110, '19-feb', 0, '1000.00', '0.00', '1000.00', '0.00', '2000.00'),
(698, 112, '19-feb', 0, '0.00', '0.00', '0.00', '0.00', '0.00'),
(699, 115, '19-feb', 0, '0.00', '0.00', '0.00', '0.00', '0.00'),
(700, 116, '19-feb', 0, '0.00', '0.00', '0.00', '0.00', '0.00'),
(701, 2, '19-mar', 0, '580.00', '0.00', '580.00', '0.00', '1160.00'),
(702, 16, '19-mar', 0, '4900.00', '0.00', '0.00', '0.00', '4900.00'),
(703, 21, '19-mar', 0, '505.70', '580.00', '505.70', '0.00', '431.40'),
(704, 24, '19-mar', 0, '3480.00', '1160.00', '580.00', '0.00', '2900.00'),
(705, 25, '19-mar', 0, '1160.00', '1160.00', '580.00', '0.00', '580.00'),
(706, 26, '19-mar', 0, '1740.00', '0.00', '580.00', '0.00', '2320.00'),
(707, 28, '19-mar', 0, '1741.70', '850.00', '850.00', '0.00', '1741.70'),
(708, 29, '19-mar', 0, '1440.00', '0.00', '480.00', '0.00', '1920.00'),
(709, 35, '19-mar', 0, '855.00', '0.00', '95.00', '0.00', '950.00'),
(710, 38, '19-mar', 0, '-451.05', '0.00', '0.00', '0.00', '-451.05'),
(711, 47, '19-mar', 0, '6574.10', '0.00', '505.70', '0.00', '7079.80'),
(712, 48, '19-mar', 0, '0.00', '0.00', '0.00', '0.00', '0.00'),
(713, 52, '19-mar', 0, '2320.00', '1160.00', '580.00', '0.00', '1740.00'),
(714, 53, '19-mar', 0, '925.00', '0.00', '580.00', '0.00', '1505.00'),
(715, 1, '19-mar', 0, '0.00', '0.00', '0.00', '0.00', '0.00'),
(716, 81, '19-mar', 0, '0.00', '0.00', '0.00', '0.00', '0.00'),
(717, 87, '19-mar', 0, '0.00', '0.00', '700.00', '0.00', '700.00'),
(718, 94, '19-mar', 0, '375.00', '375.00', '375.00', '0.00', '375.00'),
(719, 97, '19-mar', 0, '1750.00', '0.00', '0.00', '0.00', '1750.00'),
(720, 99, '19-mar', 0, '3000.00', '0.00', '0.00', '0.00', '3000.00');
INSERT INTO `estadoCuenta` (`idRegistro`, `idCliente`, `mesRegistro`, `idFactura`, `saldoAnterior`, `abonoMes`, `cargoMes`, `mora`, `saldoActual`) VALUES
(721, 100, '19-mar', 0, '27000.00', '2700.00', '2700.00', '0.00', '27000.00'),
(722, 102, '19-mar', 0, '4000.00', '0.00', '0.00', '0.00', '4000.00'),
(723, 103, '19-mar', 0, '820.10', '1175.20', '0.00', '0.00', '-355.10'),
(724, 104, '19-mar', 0, '2000.00', '0.00', '0.00', '0.00', '2000.00'),
(725, 105, '19-mar', 0, '3000.00', '0.00', '0.00', '0.00', '3000.00'),
(726, 107, '19-mar', 0, '3500.00', '0.00', '0.00', '0.00', '3500.00'),
(727, 108, '19-mar', 0, '2000.00', '0.00', '0.00', '0.00', '2000.00'),
(728, 109, '19-mar', 0, '-188.50', '0.00', '0.00', '0.00', '-188.50'),
(729, 110, '19-mar', 0, '2000.00', '0.00', '0.00', '0.00', '2000.00'),
(730, 112, '19-mar', 0, '0.00', '0.00', '0.00', '0.00', '0.00'),
(731, 115, '19-mar', 0, '0.00', '0.00', '2000.00', '0.00', '2000.00'),
(732, 116, '19-mar', 0, '0.00', '1000.00', '1000.00', '0.00', '1000.00'),
(733, 2, '19-Apr', 0, '1160.00', '1160.00', '580.00', '0.00', '580.00'),
(734, 16, '19-Apr', 0, '4900.00', '0.00', '0.00', '0.00', '4900.00'),
(735, 21, '19-Apr', 0, '431.40', '505.70', '505.70', '0.00', '431.40'),
(736, 24, '19-Apr', 0, '2900.00', '580.00', '580.00', '0.00', '2900.00'),
(737, 25, '19-Apr', 0, '580.00', '580.00', '580.00', '0.00', '580.00'),
(738, 26, '19-Apr', 0, '2320.00', '1160.00', '580.00', '0.00', '1740.00'),
(739, 28, '19-Apr', 0, '1741.70', '891.70', '850.00', '0.00', '1700.00'),
(740, 29, '19-Apr', 0, '1920.00', '0.00', '480.00', '0.00', '2400.00'),
(741, 35, '19-Apr', 0, '950.00', '0.00', '95.00', '0.00', '1045.00'),
(742, 38, '19-Apr', 0, '-451.05', '0.00', '0.00', '0.00', '-451.05'),
(743, 47, '19-Apr', 0, '7079.80', '0.00', '505.70', '0.00', '7585.50'),
(744, 48, '19-Apr', 0, '0.00', '1125.00', '1125.00', '0.00', '0.00'),
(745, 52, '19-Apr', 0, '1740.00', '580.00', '580.00', '0.00', '1740.00'),
(746, 53, '19-Apr', 0, '1505.00', '1790.00', '580.00', '0.00', '295.00'),
(747, 1, '19-Apr', 0, '0.00', '0.00', '0.00', '0.00', '0.00'),
(748, 81, '19-Apr', 0, '0.00', '0.00', '0.00', '0.00', '0.00'),
(749, 87, '19-Apr', 0, '700.00', '0.00', '0.00', '0.00', '700.00'),
(750, 94, '19-Apr', 0, '375.00', '375.00', '375.00', '0.00', '375.00'),
(751, 97, '19-Apr', 0, '1750.00', '0.00', '0.00', '0.00', '1750.00'),
(752, 99, '19-Apr', 0, '3000.00', '0.00', '1000.00', '0.00', '4000.00'),
(753, 100, '19-Apr', 0, '27000.00', '2700.00', '2700.00', '0.00', '27000.00'),
(754, 102, '19-Apr', 0, '4000.00', '0.00', '1000.00', '0.00', '5000.00'),
(755, 103, '19-Apr', 0, '-355.10', '0.00', '0.00', '0.00', '-355.10'),
(756, 104, '19-Apr', 0, '2000.00', '1000.00', '0.00', '0.00', '1000.00'),
(757, 105, '19-Apr', 0, '3000.00', '0.00', '0.00', '0.00', '3000.00'),
(758, 107, '19-Apr', 0, '3500.00', '0.00', '500.00', '0.00', '4000.00'),
(759, 108, '19-Apr', 0, '2000.00', '0.00', '0.00', '0.00', '2000.00'),
(760, 109, '19-Apr', 0, '-188.50', '0.00', '0.00', '0.00', '-188.50'),
(761, 110, '19-Apr', 0, '2000.00', '0.00', '0.00', '0.00', '2000.00'),
(762, 112, '19-Apr', 0, '0.00', '0.00', '0.00', '0.00', '0.00'),
(763, 115, '19-Apr', 0, '2000.00', '2000.00', '0.00', '0.00', '0.00'),
(764, 116, '19-Apr', 0, '0.00', '0.00', '0.00', '0.00', '0.00'),
(765, 2, '19-may', 0, '580.00', '580.00', '580.00', '0.00', '580.00'),
(766, 16, '19-may', 0, '4900.00', '0.00', '0.00', '0.00', '4900.00'),
(767, 21, '19-may', 0, '431.40', '505.70', '505.70', '0.00', '431.40'),
(768, 24, '19-may', 0, '2900.00', '580.00', '580.00', '0.00', '2900.00'),
(769, 25, '19-may', 0, '580.00', '0.00', '580.00', '0.00', '1160.00'),
(770, 26, '19-may', 0, '1740.00', '580.00', '580.00', '0.00', '1740.00'),
(771, 28, '19-may', 0, '1700.00', '850.00', '850.00', '0.00', '1700.00'),
(772, 29, '19-may', 0, '2400.00', '0.00', '480.00', '0.00', '2880.00'),
(773, 38, '19-may', 0, '-451.05', '0.00', '0.00', '0.00', '-451.05'),
(774, 52, '19-may', 0, '1740.00', '580.00', '580.00', '0.00', '1740.00'),
(775, 53, '19-may', 0, '295.00', '0.00', '580.00', '0.00', '875.00'),
(776, 1, '19-may', 0, '0.00', '0.00', '0.00', '0.00', '0.00'),
(777, 81, '19-may', 0, '0.00', '0.00', '0.00', '0.00', '0.00'),
(778, 87, '19-may', 0, '700.00', '700.00', '700.00', '0.00', '700.00'),
(779, 94, '19-may', 0, '375.00', '375.00', '375.00', '0.00', '375.00'),
(780, 97, '19-may', 0, '1750.00', '0.00', '0.00', '0.00', '1750.00'),
(781, 99, '19-may', 0, '4000.00', '0.00', '0.00', '0.00', '4000.00'),
(782, 100, '19-may', 0, '27000.00', '2700.00', '2700.00', '0.00', '27000.00'),
(783, 102, '19-may', 0, '5000.00', '0.00', '0.00', '0.00', '5000.00'),
(784, 103, '19-may', 0, '-355.10', '0.00', '1000.00', '0.00', '644.90'),
(785, 104, '19-may', 0, '1000.00', '0.00', '1000.00', '0.00', '2000.00'),
(786, 105, '19-may', 0, '3000.00', '0.00', '1000.00', '0.00', '4000.00'),
(787, 107, '19-may', 0, '4000.00', '0.00', '0.00', '0.00', '4000.00'),
(788, 108, '19-may', 0, '2000.00', '0.00', '0.00', '0.00', '0.00'),
(789, 109, '19-may', 0, '-188.50', '0.00', '1000.00', '0.00', '1000.00'),
(790, 110, '19-may', 0, '2000.00', '0.00', '1000.00', '0.00', '3000.00'),
(791, 112, '19-may', 0, '0.00', '0.00', '2210.00', '0.00', '2210.00'),
(792, 113, '19-may', 0, '0.00', '0.00', '0.00', '0.00', '0.00'),
(793, 115, '19-may', 0, '0.00', '0.00', '0.00', '0.00', '0.00'),
(794, 116, '19-may', 0, '0.00', '0.00', '0.00', '0.00', '0.00'),
(795, 2, '19-jun', 0, '580.00', '580.00', '580.00', '0.00', '580.00'),
(796, 16, '19-jun', 0, '4900.00', '0.00', '0.00', '0.00', '4900.00'),
(797, 21, '19-jun', 0, '431.40', '505.70', '505.70', '0.00', '431.40'),
(798, 24, '19-jun', 0, '2900.00', '580.00', '580.00', '0.00', '2900.00'),
(799, 25, '19-jun', 0, '1160.00', '1160.00', '580.00', '0.00', '580.00'),
(800, 26, '19-jun', 0, '1740.00', '580.00', '580.00', '0.00', '1740.00'),
(801, 28, '19-jun', 0, '1700.00', '850.00', '797.50', '0.00', '1647.50'),
(802, 29, '19-jun', 0, '2880.00', '0.00', '480.00', '0.00', '3360.00'),
(803, 38, '19-jun', 0, '-451.05', '0.00', '0.00', '0.00', '-451.05'),
(804, 52, '19-jun', 0, '1740.00', '580.00', '580.00', '0.00', '1740.00'),
(805, 53, '19-jun', 0, '875.00', '0.00', '580.00', '0.00', '1455.00'),
(806, 1, '19-jun', 0, '0.00', '0.00', '0.00', '0.00', '0.00'),
(807, 81, '19-jun', 0, '0.00', '0.00', '0.00', '0.00', '0.00'),
(808, 87, '19-jun', 0, '700.00', '0.00', '0.00', '0.00', '700.00'),
(809, 94, '19-jun', 0, '375.00', '375.00', '375.00', '0.00', '375.00'),
(810, 97, '19-jun', 0, '1750.00', '0.00', '0.00', '0.00', '1750.00'),
(811, 99, '19-jun', 0, '4000.00', '0.00', '0.00', '0.00', '4000.00'),
(812, 100, '19-jun', 0, '27000.00', '2700.00', '2700.00', '0.00', '27000.00'),
(813, 102, '19-jun', 0, '5000.00', '0.00', '0.00', '0.00', '5000.00'),
(814, 103, '19-jun', 0, '644.90', '0.00', '0.00', '0.00', '644.90'),
(815, 104, '19-jun', 0, '2000.00', '1000.00', '0.00', '0.00', '1000.00'),
(816, 105, '19-jun', 0, '4000.00', '0.00', '0.00', '0.00', '4000.00'),
(817, 108, '19-jun', 0, '0.00', '0.00', '1000.00', '0.00', '1000.00'),
(818, 109, '19-jun', 0, '1000.00', '0.00', '115.00', '0.00', '1115.00'),
(819, 110, '19-jun', 0, '3000.00', '0.00', '0.00', '0.00', '3000.00'),
(820, 112, '19-jun', 0, '2210.00', '2210.00', '0.00', '0.00', '0.00'),
(821, 113, '19-jun', 0, '0.00', '0.00', '0.00', '0.00', '0.00'),
(822, 115, '19-jun', 0, '0.00', '0.00', '0.00', '0.00', '0.00'),
(823, 116, '19-jun', 0, '0.00', '0.00', '1000.00', '0.00', '1000.00'),
(824, 117, '19-jun', 0, '0.00', '1000.00', '1000.00', '0.00', '0.00'),
(825, 2, '19-jul', 0, '580.00', '580.00', '580.00', '0.00', '580.00'),
(826, 16, '19-jul', 0, '4900.00', '4900.00', '0.00', '0.00', '0.00'),
(827, 21, '19-jul', 0, '431.40', '505.70', '505.70', '0.00', '431.40'),
(828, 24, '19-jul', 0, '2900.00', '580.00', '580.00', '0.00', '2900.00'),
(829, 25, '19-jul', 0, '580.00', '580.00', '580.00', '0.00', '580.00'),
(830, 26, '19-jul', 0, '1740.00', '580.00', '580.00', '0.00', '1740.00'),
(831, 28, '19-jul', 0, '1647.50', '850.00', '850.00', '0.00', '1647.50'),
(832, 29, '19-jul', 0, '3360.00', '0.00', '1236.00', '0.00', '4596.00'),
(833, 38, '19-jul', 0, '-451.05', '0.00', '0.00', '0.00', '-451.05'),
(834, 52, '19-jul', 0, '1740.00', '580.00', '580.00', '0.00', '1740.00'),
(835, 53, '19-jul', 0, '1455.00', '0.00', '580.00', '0.00', '2320.00'),
(836, 1, '19-jul', 0, '0.00', '0.00', '0.00', '0.00', '0.00'),
(837, 81, '19-jul', 0, '0.00', '0.00', '0.00', '0.00', '0.00'),
(838, 87, '19-jul', 0, '700.00', '0.00', '700.00', '0.00', '1400.00'),
(839, 94, '19-jul', 0, '375.00', '375.00', '375.00', '0.00', '375.00'),
(840, 97, '19-jul', 0, '1750.00', '1750.00', '0.00', '0.00', '0.00'),
(841, 99, '19-jul', 0, '4000.00', '0.00', '1000.00', '0.00', '5000.00'),
(842, 100, '19-jul', 0, '27000.00', '2700.00', '2700.00', '0.00', '2700.00'),
(843, 103, '19-jul', 0, '1262.20', '1262.20', '0.00', '0.00', '0.00'),
(844, 104, '19-jul', 0, '1000.00', '0.00', '0.00', '0.00', '1000.00'),
(845, 108, '19-jul', 0, '1000.00', '1000.00', '0.00', '0.00', '0.00'),
(846, 109, '19-jul', 0, '1115.00', '0.00', '0.00', '0.00', '1115.00'),
(847, 112, '19-jul', 0, '0.00', '0.00', '0.00', '0.00', '0.00'),
(848, 113, '19-jul', 0, '0.00', '0.00', '0.00', '0.00', '0.00'),
(849, 115, '19-jul', 0, '0.00', '0.00', '0.00', '0.00', '0.00'),
(850, 116, '19-jul', 0, '1000.00', '1000.00', '0.00', '0.00', '0.00'),
(851, 117, '19-jul', 0, '0.00', '0.00', '0.00', '0.00', '0.00'),
(852, 2, '19-Aug', 0, '580.00', '580.00', '580.00', '0.00', '580.00'),
(853, 16, '19-Aug', 0, '0.00', '0.00', '0.00', '0.00', '0.00'),
(854, 21, '19-Aug', 0, '431.40', '505.70', '505.70', '0.00', '505.70'),
(855, 24, '19-Aug', 0, '2900.00', '580.00', '580.00', '0.00', '2900.00'),
(856, 25, '19-Aug', 0, '580.00', '580.00', '580.00', '0.00', '580.00'),
(857, 26, '19-Aug', 0, '1740.00', '580.00', '580.00', '0.00', '1740.00'),
(858, 28, '19-Aug', 0, '1647.50', '797.50', '850.00', '0.00', '1700.00'),
(859, 29, '19-Aug', 0, '4596.00', '0.00', '580.00', '0.00', '5176.00'),
(860, 38, '19-Aug', 0, '-451.05', '0.00', '0.00', '0.00', '0.00'),
(861, 52, '19-Aug', 0, '1740.00', '580.00', '580.00', '0.00', '1740.00'),
(862, 53, '19-Aug', 0, '2320.00', '0.00', '580.00', '0.00', '2900.00'),
(863, 1, '19-Aug', 0, '0.00', '0.00', '0.00', '0.00', '0.00'),
(864, 81, '19-Aug', 0, '0.00', '0.00', '5800.00', '0.00', '5800.00'),
(865, 87, '19-Aug', 0, '1400.00', '700.00', '0.00', '0.00', '700.00'),
(866, 94, '19-Aug', 0, '375.00', '375.00', '375.00', '0.00', '375.00'),
(867, 97, '19-Aug', 0, '0.00', '0.00', '1750.00', '0.00', '1750.00'),
(868, 99, '19-Aug', 0, '5000.00', '0.00', '0.00', '0.00', '5000.00'),
(869, 100, '19-Aug', 0, '2700.00', '5400.00', '2700.00', '0.00', '0.00'),
(870, 103, '19-Aug', 0, '0.00', '0.00', '1000.00', '0.00', '1000.00'),
(871, 104, '19-Aug', 0, '1000.00', '0.00', '1000.00', '0.00', '2000.00'),
(872, 108, '19-Aug', 0, '0.00', '0.00', '0.00', '0.00', '0.00'),
(873, 109, '19-Aug', 0, '1115.00', '1115.00', '1000.00', '0.00', '1000.00'),
(874, 112, '19-Aug', 0, '0.00', '0.00', '0.00', '0.00', '0.00'),
(875, 113, '19-Aug', 0, '0.00', '0.00', '0.00', '0.00', '0.00'),
(876, 115, '19-Aug', 0, '0.00', '0.00', '0.00', '0.00', '0.00'),
(877, 116, '19-Aug', 0, '0.00', '0.00', '0.00', '0.00', '0.00'),
(878, 117, '19-Aug', 0, '0.00', '0.00', '0.00', '0.00', '0.00'),
(879, 2, '19-sep', 0, '580.00', '580.00', '580.00', '0.00', '580.00'),
(880, 16, '19-sep', 0, '0.00', '0.00', '0.00', '0.00', '0.00'),
(881, 21, '19-sep', 0, '505.70', '505.70', '505.70', '0.00', '505.70'),
(882, 24, '19-sep', 0, '2900.00', '580.00', '580.00', '0.00', '2900.00'),
(883, 25, '19-sep', 0, '580.00', '580.00', '580.00', '0.00', '580.00'),
(884, 26, '19-sep', 0, '1740.00', '580.00', '580.00', '0.00', '1740.00'),
(885, 28, '19-sep', 0, '1700.00', '850.00', '850.00', '0.00', '1700.00'),
(886, 29, '19-sep', 0, '5176.00', '4596.00', '580.00', '0.00', '1160.00'),
(887, 38, '19-sep', 0, '0.00', '0.00', '0.00', '0.00', '0.00'),
(888, 52, '19-sep', 0, '1740.00', '580.00', '580.00', '0.00', '1740.00'),
(889, 53, '19-sep', 0, '2900.00', '2320.00', '580.00', '0.00', '1160.00'),
(890, 1, '19-sep', 0, '0.00', '0.00', '0.00', '0.00', '0.00'),
(891, 81, '19-sep', 0, '5800.00', '5800.00', '0.00', '0.00', '0.00'),
(892, 87, '19-sep', 0, '700.00', '0.00', '700.00', '0.00', '1400.00'),
(893, 94, '19-sep', 0, '375.00', '375.00', '375.00', '0.00', '375.00'),
(894, 97, '19-sep', 0, '1750.00', '0.00', '0.00', '0.00', '1750.00'),
(895, 100, '19-sep', 0, '0.00', '0.00', '2700.00', '0.00', '2700.00'),
(896, 103, '19-sep', 0, '1000.00', '0.00', '183.00', '0.00', '1183.00'),
(897, 104, '19-sep', 0, '2000.00', '1000.00', '0.00', '0.00', '1000.00'),
(898, 108, '19-sep', 0, '0.00', '0.00', '1000.00', '0.00', '1000.00'),
(899, 109, '19-sep', 0, '1000.00', '0.00', '0.00', '0.00', '1000.00'),
(900, 112, '19-sep', 0, '0.00', '0.00', '0.00', '0.00', '0.00'),
(901, 113, '19-sep', 0, '0.00', '0.00', '2000.00', '0.00', '2000.00'),
(902, 115, '19-sep', 0, '0.00', '0.00', '140.00', '0.00', '140.00'),
(903, 116, '19-sep', 0, '0.00', '0.00', '1000.00', '0.00', '1000.00'),
(904, 117, '19-sep', 0, '0.00', '0.00', '0.00', '0.00', '0.00'),
(905, 119, '19-sep', 0, '1000.00', '1000.00', '0.00', '0.00', '0.00'),
(906, 2, '19-oct', 0, '580.00', '580.00', '580.00', '0.00', '580.00'),
(907, 21, '19-oct', 0, '505.70', '0.00', '505.70', '0.00', '1011.40'),
(908, 24, '19-oct', 0, '2900.00', '580.00', '580.00', '0.00', '2900.00'),
(909, 25, '19-oct', 0, '580.00', '580.00', '580.00', '0.00', '580.00'),
(910, 26, '19-oct', 0, '1740.00', '1160.00', '580.00', '0.00', '1160.00'),
(911, 28, '19-oct', 0, '1700.00', '850.00', '850.00', '0.00', '1700.00'),
(912, 29, '19-oct', 0, '1160.00', '0.00', '655.00', '0.00', '1815.00'),
(913, 52, '19-oct', 0, '1740.00', '580.00', '580.00', '0.00', '1740.00'),
(914, 53, '19-oct', 0, '1160.00', '0.00', '580.00', '0.00', '1740.00'),
(915, 87, '19-oct', 0, '1400.00', '1400.00', '0.00', '0.00', '0.00'),
(916, 94, '19-oct', 0, '375.00', '375.00', '375.00', '0.00', '375.00'),
(917, 97, '19-oct', 0, '1750.00', '0.00', '0.00', '0.00', '1750.00'),
(918, 100, '19-oct', 0, '2700.00', '2700.00', '2700.00', '0.00', '2700.00'),
(919, 103, '19-oct', 0, '1183.00', '1183.00', '0.00', '0.00', '0.00'),
(920, 104, '19-oct', 0, '1000.00', '1000.00', '0.00', '0.00', '0.00'),
(921, 109, '19-oct', 0, '1000.00', '0.00', '0.00', '0.00', '1000.00'),
(922, 113, '19-oct', 0, '2000.00', '2000.00', '0.00', '0.00', '0.00'),
(923, 116, '19-oct', 0, '1000.00', '1000.00', '0.00', '0.00', '0.00'),
(924, 120, '19-oct', 0, '0.00', '0.00', '2000.00', '0.00', '2000.00'),
(925, 16, '19-oct', 0, '0.00', '0.00', '0.00', '0.00', '0.00'),
(926, 1, '19-oct', 0, '0.00', '0.00', '0.00', '0.00', '0.00'),
(927, 81, '19-oct', 0, '0.00', '0.00', '0.00', '0.00', '0.00'),
(928, 112, '19-oct', 0, '0.00', '0.00', '0.00', '0.00', '0.00'),
(929, 119, '19-oct', 0, '0.00', '0.00', '0.00', '0.00', '0.00'),
(930, 121, '19-oct', 0, '0.00', '0.00', '2000.00', '0.00', '2000.00'),
(931, 2, '19-nov', 0, '580.00', '580.00', '580.00', '0.00', '580.00'),
(932, 16, '19-nov', 0, '0.00', '0.00', '0.00', '0.00', '0.00'),
(933, 21, '19-nov', 0, '1011.40', '1011.40', '505.70', '0.00', '505.70'),
(934, 24, '19-nov', 0, '2900.00', '1160.00', '580.00', '0.00', '2320.00'),
(935, 25, '19-nov', 0, '580.00', '580.00', '580.00', '0.00', '580.00'),
(936, 26, '19-nov', 0, '1160.00', '580.00', '580.00', '0.00', '1160.00'),
(937, 28, '19-nov', 0, '1700.00', '0.00', '850.00', '0.00', '2550.00'),
(938, 29, '19-nov', 0, '1815.00', '1815.00', '433.00', '0.00', '433.00'),
(939, 52, '19-nov', 0, '1740.00', '580.00', '580.00', '0.00', '1740.00'),
(940, 53, '19-nov', 0, '1740.00', '0.00', '580.00', '0.00', '2320.00'),
(941, 1, '19-nov', 0, '0.00', '0.00', '0.00', '0.00', '0.00'),
(942, 81, '19-nov', 0, '0.00', '0.00', '0.00', '0.00', '0.00'),
(943, 87, '19-nov', 0, '0.00', '0.00', '700.00', '0.00', '700.00'),
(944, 94, '19-nov', 0, '375.00', '375.00', '375.00', '0.00', '375.00'),
(945, 97, '19-nov', 0, '1750.00', '0.00', '0.00', '0.00', '1750.00'),
(946, 100, '19-nov', 0, '2700.00', '2700.00', '2700.00', '0.00', '2700.00'),
(947, 103, '19-nov', 0, '0.00', '0.00', '1151.50', '0.00', '1151.50'),
(948, 104, '19-nov', 0, '0.00', '0.00', '1000.00', '0.00', '1000.00'),
(949, 109, '19-nov', 0, '1000.00', '1000.00', '0.00', '0.00', '0.00'),
(950, 112, '19-nov', 0, '0.00', '0.00', '2000.00', '0.00', '2000.00'),
(951, 113, '19-nov', 0, '0.00', '0.00', '0.00', '0.00', '0.00'),
(952, 116, '19-nov', 0, '0.00', '0.00', '0.00', '0.00', '0.00'),
(953, 119, '19-nov', 0, '0.00', '0.00', '1000.00', '0.00', '1000.00'),
(954, 120, '19-nov', 0, '2000.00', '2000.00', '0.00', '0.00', '0.00'),
(955, 121, '19-nov', 0, '2000.00', '0.00', '0.00', '0.00', '2000.00'),
(956, 108, '19-nov', 1911, '1000.00', '500.00', '0.00', '0.00', '500.00'),
(957, 2, '19-Dec', 0, '580.00', '580.00', '580.00', '0.00', '580.00'),
(958, 16, '19-Dec', 0, '0.00', '0.00', '0.00', '0.00', '0.00'),
(959, 21, '19-Dec', 0, '505.70', '505.70', '505.70', '0.00', '505.70'),
(960, 24, '19-Dec', 0, '2320.00', '580.00', '580.00', '0.00', '2320.00'),
(961, 25, '19-Dec', 0, '580.00', '0.00', '580.00', '0.00', '1160.00'),
(962, 26, '19-Dec', 0, '1160.00', '580.00', '580.00', '0.00', '1160.00'),
(963, 28, '19-Dec', 0, '2550.00', '1700.00', '850.00', '0.00', '1700.00'),
(964, 29, '19-Dec', 0, '433.00', '0.00', '543.00', '0.00', '976.00'),
(965, 52, '19-Dec', 0, '1740.00', '580.00', '580.00', '0.00', '1740.00'),
(966, 53, '19-Dec', 0, '2320.00', '2320.00', '580.00', '0.00', '580.00'),
(967, 1, '19-Dec', 0, '0.00', '0.00', '0.00', '0.00', '0.00'),
(968, 81, '19-Dec', 0, '0.00', '0.00', '0.00', '0.00', '0.00'),
(969, 87, '19-Dec', 0, '700.00', '700.00', '0.00', '0.00', '0.00'),
(970, 94, '19-Dec', 0, '375.00', '375.00', '375.00', '0.00', '375.00'),
(971, 97, '19-Dec', 0, '1750.00', '1750.00', '0.00', '0.00', '0.00'),
(972, 100, '19-Dec', 0, '2700.00', '2700.00', '2700.00', '0.00', '2700.00'),
(973, 103, '19-Dec', 0, '1151.50', '1151.50', '0.00', '0.00', '0.00'),
(974, 104, '19-Dec', 0, '1000.00', '0.00', '0.00', '0.00', '1000.00'),
(975, 108, '19-Dec', 0, '500.00', '500.00', '1000.00', '0.00', '1000.00'),
(976, 112, '19-Dec', 0, '2000.00', '2000.00', '0.00', '0.00', '0.00'),
(977, 113, '19-Dec', 0, '0.00', '0.00', '0.00', '0.00', '0.00'),
(978, 116, '19-Dec', 0, '0.00', '0.00', '1000.00', '0.00', '1000.00'),
(979, 119, '19-Dec', 0, '1000.00', '0.00', '0.00', '0.00', '1000.00'),
(980, 120, '19-Dec', 0, '0.00', '0.00', '0.00', '0.00', '0.00'),
(981, 121, '19-Dec', 0, '2000.00', '0.00', '0.00', '0.00', '2000.00'),
(982, 122, '19-Dec', 0, '0.00', '0.00', '2000.00', '0.00', '2000.00'),
(983, 123, '1912', 0, '0.00', '0.00', '1000.00', '0.00', '1000.00'),
(984, 2, '20-Jan', 0, '580.00', '580.00', '580.00', '0.00', '580.00'),
(985, 16, '20-Jan', 0, '0.00', '0.00', '0.00', '0.00', '0.00'),
(986, 21, '20-Jan', 0, '505.70', '0.00', '505.70', '0.00', '1011.40'),
(987, 24, '20-Jan', 0, '2320.00', '1160.00', '580.00', '0.00', '1740.00'),
(988, 25, '20-Jan', 0, '1160.00', '0.00', '580.00', '0.00', '1740.00'),
(989, 26, '20-Jan', 0, '1160.00', '580.00', '580.00', '0.00', '1160.00'),
(990, 28, '20-Jan', 0, '1700.00', '0.00', '850.00', '0.00', '2550.00'),
(991, 29, '20-Jan', 0, '976.00', '976.00', '483.00', '0.00', '483.00'),
(992, 52, '20-Jan', 0, '1740.00', '580.00', '580.00', '0.00', '1740.00'),
(993, 53, '20-Jan', 0, '580.00', '0.00', '580.00', '0.00', '1160.00'),
(994, 1, '20-Jan', 0, '0.00', '0.00', '0.00', '0.00', '0.00'),
(995, 81, '20-Jan', 0, '0.00', '0.00', '0.00', '0.00', '0.00'),
(996, 87, '20-Jan', 0, '0.00', '0.00', '700.00', '0.00', '700.00'),
(997, 94, '20-Jan', 0, '375.00', '375.00', '375.00', '0.00', '375.00'),
(998, 97, '20-Jan', 0, '0.00', '0.00', '0.00', '0.00', '0.00'),
(999, 100, '20-Jan', 0, '2700.00', '2700.00', '2700.00', '0.00', '2700.00'),
(1000, 103, '20-Jan', 0, '0.00', '0.00', '0.00', '0.00', '0.00'),
(1001, 104, '20-Jan', 0, '1000.00', '0.00', '0.00', '0.00', '1000.00'),
(1002, 108, '20-Jan', 0, '1000.00', '0.00', '0.00', '0.00', '1000.00'),
(1003, 112, '20-Jan', 0, '0.00', '0.00', '0.00', '0.00', '0.00'),
(1004, 113, '20-Jan', 0, '0.00', '0.00', '0.00', '0.00', '0.00'),
(1005, 116, '20-Jan', 0, '1000.00', '0.00', '0.00', '0.00', '1.00'),
(1006, 119, '20-Jan', 0, '1000.00', '0.00', '0.00', '0.00', '1000.00'),
(1007, 120, '20-Jan', 0, '0.00', '0.00', '0.00', '0.00', '0.00'),
(1008, 121, '20-Jan', 0, '2000.00', '0.00', '0.00', '0.00', '2000.00'),
(1009, 122, '20-Jan', 0, '2000.00', '0.00', '0.00', '0.00', '2000.00'),
(1010, 123, '20-Jan', 0, '1000.00', '400.00', '0.00', '0.00', '600.00'),
(1011, 2, '20-feb', 0, '580.00', '580.00', '580.00', '0.00', '580.00'),
(1012, 16, '20-feb', 0, '0.00', '0.00', '4900.00', '0.00', '4900.00'),
(1013, 21, '20-feb', 0, '1011.40', '505.70', '505.70', '0.00', '1011.40'),
(1014, 24, '20-feb', 0, '1740.00', '0.00', '580.00', '0.00', '2320.00'),
(1015, 25, '20-feb', 0, '1740.00', '1160.00', '580.00', '0.00', '1160.00'),
(1016, 26, '20-feb', 0, '1160.00', '0.00', '580.00', '0.00', '1740.00'),
(1017, 28, '20-feb', 0, '2550.00', '850.00', '850.00', '0.00', '2550.00'),
(1018, 29, '20-feb', 0, '483.00', '0.00', '453.00', '0.00', '936.00'),
(1019, 52, '20-feb', 0, '1740.00', '580.00', '580.00', '0.00', '1740.00'),
(1020, 53, '20-feb', 0, '1160.00', '0.00', '580.00', '0.00', '1740.00'),
(1021, 1, '20-feb', 0, '0.00', '0.00', '0.00', '0.00', '0.00'),
(1022, 81, '20-feb', 0, '0.00', '0.00', '0.00', '0.00', '0.00'),
(1023, 87, '20-feb', 0, '700.00', '700.00', '0.00', '0.00', '0.00'),
(1024, 94, '20-feb', 0, '375.00', '375.00', '375.00', '0.00', '375.00'),
(1025, 97, '20-feb', 0, '0.00', '0.00', '1750.00', '0.00', '1750.00'),
(1026, 100, '20-feb', 0, '2700.00', '2700.00', '2700.00', '0.00', '2700.00'),
(1027, 103, '20-feb', 0, '0.00', '0.00', '1171.60', '0.00', '1171.60'),
(1028, 104, '20-feb', 0, '1000.00', '1000.00', '1000.00', '0.00', '1000.00'),
(1029, 108, '20-feb', 0, '1000.00', '0.00', '0.00', '0.00', '1000.00'),
(1030, 112, '20-feb', 0, '0.00', '0.00', '0.00', '0.00', '0.00'),
(1031, 113, '20-feb', 0, '0.00', '0.00', '0.00', '0.00', '0.00'),
(1032, 116, '20-feb', 0, '1.00', '0.00', '0.00', '0.00', '1.00'),
(1033, 119, '20-feb', 0, '1000.00', '1000.00', '1000.00', '0.00', '1000.00'),
(1034, 120, '20-feb', 0, '0.00', '0.00', '0.00', '0.00', '0.00'),
(1035, 121, '20-feb', 0, '2000.00', '0.00', '0.00', '0.00', '2000.00'),
(1036, 122, '20-feb', 0, '2000.00', '2000.01', '0.00', '0.00', '-0.01'),
(1037, 123, '20-feb', 0, '600.00', '0.00', '0.00', '0.00', '600.00'),
(1038, 2, '20-mar', 0, '580.00', '580.00', '580.00', '0.00', '580.00'),
(1039, 16, '20-mar', 0, '4900.00', '0.00', '0.00', '0.00', '4900.00'),
(1040, 21, '20-mar', 0, '1011.40', '505.70', '505.70', '0.00', '1011.40'),
(1041, 24, '20-mar', 0, '2320.00', '0.00', '580.00', '0.00', '2900.00'),
(1042, 25, '20-mar', 0, '1160.00', '580.00', '580.00', '0.00', '1160.00'),
(1043, 26, '20-mar', 0, '1740.00', '1740.00', '580.00', '0.00', '580.00'),
(1044, 28, '20-mar', 0, '2550.00', '1700.00', '850.00', '0.00', '1700.00'),
(1045, 29, '20-mar', 0, '936.00', '963.00', '483.00', '0.00', '456.00'),
(1046, 52, '20-mar', 0, '1740.00', '580.00', '580.00', '0.00', '1740.00'),
(1047, 53, '20-mar', 0, '1740.00', '0.00', '580.00', '0.00', '2320.00'),
(1048, 1, '20-mar', 0, '0.00', '0.00', '0.00', '0.00', '0.00'),
(1049, 81, '20-mar', 0, '0.00', '0.00', '0.00', '0.00', '0.00'),
(1050, 87, '20-mar', 0, '0.00', '0.00', '700.00', '0.00', '700.00'),
(1051, 94, '20-mar', 0, '375.00', '375.00', '375.00', '0.00', '375.00'),
(1052, 97, '20-mar', 0, '1750.00', '0.00', '0.00', '0.00', '1750.00'),
(1053, 100, '20-mar', 0, '2700.00', '2700.00', '2700.00', '0.00', '2700.00'),
(1054, 103, '20-mar', 0, '1171.60', '1171.60', '0.00', '0.00', '0.00'),
(1055, 104, '20-mar', 0, '1000.00', '0.00', '0.00', '0.00', '1000.00'),
(1056, 112, '20-mar', 0, '0.00', '0.00', '0.00', '0.00', '0.00'),
(1057, 113, '20-mar', 0, '0.00', '0.00', '2000.00', '0.00', '2000.00'),
(1058, 116, '20-mar', 0, '0.00', '0.00', '1000.00', '0.00', '1000.00'),
(1059, 119, '20-mar', 0, '1000.00', '1000.00', '0.00', '0.00', '0.00'),
(1060, 120, '20-mar', 0, '0.00', '0.00', '0.00', '0.00', '0.00'),
(1061, 122, '20-mar', 0, '-0.01', '0.00', '0.00', '0.00', '-0.01'),
(1062, 2, '20-Apr', 0, '580.00', '580.00', '580.00', '0.00', '580.00'),
(1063, 16, '20-Apr', 0, '4900.00', '0.00', '0.00', '0.00', '4900.00'),
(1064, 21, '20-Apr', 0, '1011.40', '505.70', '505.70', '0.00', '1011.40'),
(1065, 24, '20-Apr', 0, '2900.00', '0.00', '580.00', '0.00', '3480.00'),
(1066, 25, '20-Apr', 0, '1160.00', '580.00', '580.00', '0.00', '1160.00'),
(1067, 26, '20-Apr', 0, '580.00', '0.00', '580.00', '0.00', '1160.00'),
(1068, 28, '20-Apr', 0, '1700.00', '850.00', '850.00', '0.00', '1700.00'),
(1069, 29, '20-Apr', 0, '456.00', '0.00', '588.00', '0.00', '1044.00'),
(1070, 52, '20-Apr', 0, '1740.00', '580.00', '580.00', '0.00', '1740.00'),
(1071, 53, '20-Apr', 0, '2320.00', '1740.00', '580.00', '0.00', '1160.01'),
(1072, 1, '20-Apr', 0, '0.00', '0.00', '0.00', '0.00', '0.00'),
(1073, 81, '20-Apr', 0, '0.00', '0.00', '0.00', '0.00', '0.00'),
(1074, 87, '20-Apr', 0, '700.00', '0.00', '0.00', '0.00', '700.00'),
(1075, 94, '20-Apr', 0, '375.00', '375.00', '375.00', '0.00', '375.00'),
(1076, 97, '20-Apr', 0, '1750.00', '0.00', '0.00', '0.00', '1750.00'),
(1077, 100, '20-Apr', 0, '2700.00', '0.00', '2700.00', '0.00', '5400.00'),
(1078, 103, '20-Apr', 0, '0.00', '0.00', '0.00', '0.00', '0.00'),
(1079, 104, '20-Apr', 0, '1000.00', '1000.00', '0.00', '0.00', '-0.01'),
(1080, 112, '20-Apr', 0, '0.00', '0.00', '0.00', '0.00', '0.00'),
(1081, 113, '20-Apr', 0, '2000.00', '2000.00', '0.00', '0.00', '-0.01'),
(1082, 116, '20-Apr', 0, '1000.00', '1000.00', '0.00', '0.00', '-0.01'),
(1083, 119, '20-Apr', 0, '0.00', '0.00', '0.00', '0.00', '0.00'),
(1084, 120, '20-Apr', 0, '0.00', '0.00', '2000.00', '0.00', '2000.00'),
(1085, 122, '20-Apr', 0, '0.00', '0.00', '0.00', '0.00', '0.00');

-- --------------------------------------------------------

--
-- Table structure for table `extras`
--

CREATE TABLE `extras` (
  `idRegistro` int(11) NOT NULL,
  `idCliente` int(11) DEFAULT NULL,
  `codigoMes` int(11) DEFAULT NULL,
  `fechaRegistro` date DEFAULT NULL,
  `cantidad` int(11) DEFAULT NULL,
  `idServicio` int(11) DEFAULT NULL,
  `descripcion` varchar(255) COLLATE utf8_spanish2_ci DEFAULT NULL,
  `totalExtra` decimal(11,2) DEFAULT NULL
) ENGINE=InnoDB DEFAULT CHARSET=utf8 COLLATE=utf8_spanish2_ci;

--
-- Dumping data for table `extras`
--

INSERT INTO `extras` (`idRegistro`, `idCliente`, `codigoMes`, `fechaRegistro`, `cantidad`, `idServicio`, `descripcion`, `totalExtra`) VALUES
(1, 109, 1906, '2019-06-11', 1, 0, 'Uso de sala de reuniones', '105.00'),
(2, 109, 1906, '2019-06-12', 10, 0, 'impresiones del mes de junio', '10.00'),
(3, 29, 1907, '2019-06-13', 35, 0, 'meensajeria de nov 2018 a jun 2019', '756.00'),
(4, 29, 1909, '2019-06-14', 1, 0, 'entrega factura Tivoli', '25.00'),
(5, 29, 1907, '2019-06-15', 1, 0, 'entra factura grupo tucan', '25.00'),
(6, 29, 1908, '2019-06-16', 1, 0, 'recoger cheque Tivoli', '25.00'),
(7, 29, 1908, '2019-06-17', 1, 0, 'entra factura grupo tucan', '25.00'),
(8, 29, 1908, '2019-06-18', 1, 0, 'Recoger cheque Grupo Tucan', '25.00'),
(9, 29, 1908, '2019-06-19', 1, 0, 'Recoger sobre en Torre Azul con Heidi Pa', '25.00'),
(10, 115, 1909, '2019-06-20', 1, 0, 'Uso de Sala de Reuniones en horario de 9', '35.00'),
(11, 29, 1909, '2019-06-21', 1, 0, 'Entrega factura grupo tucan y recoger ch', '25.00'),
(12, 115, 1909, '2019-06-22', 2, 0, 'Uso de Sala de Reuniones en horario de 1', '70.00'),
(13, 115, 1909, '2019-06-23', 1, 0, 'Uso de Sala de Reuniones en horario de 9', '35.00'),
(14, 29, 1909, '2019-06-24', 1, 0, 'Entrega Factura Grupo Tucan', '25.00'),
(15, 29, 1909, '2019-06-25', 1, 0, 'Recoger cheque de Tivoli', '25.00'),
(16, 87, 1909, '2019-06-26', 1, 0, 'OVB Del 15 de Sep2019 al 14 de Nov2019', '700.00'),
(17, 108, 1909, '2019-06-27', 1, 0, 'OVT Del 01 de Sep2019 al 30 de Nov2019', '1000.00'),
(18, 113, 1909, '2019-06-28', 1, 0, 'OVS Del 01 de Sep2019 al 29 de Feb2020', '2000.00'),
(19, 115, 1909, '2019-06-29', 1, 0, 'OVS Del 01 de Sep2019 al 29 de Feb2020', '2000.00'),
(20, 116, 1909, '2019-06-30', 1, 0, 'OVT Del 01 de Sep2019 al 30 de Nov2019', '1000.00'),
(21, 117, 1909, '2019-07-01', 1, 0, 'OVT Del 01 de Sep2019 al 30 de Nov2019', '1000.00'),
(22, 2, 1909, '2019-07-02', 1, 0, 'OVM Del 01 de Sep2019 al 30 de Sep2019', '580.00'),
(23, 21, 1909, '2019-07-03', 1, 0, 'OVM Del 01 de Sep2019 al 30 de Sep2019', '505.70'),
(24, 24, 1909, '2019-07-04', 1, 0, 'OVM Del 01 de Sep2019 al 30 de Sep2019', '580.00'),
(25, 25, 1909, '2019-07-05', 1, 0, 'OVM Del 01 de Sep2019 al 30 de Sep2019', '580.00'),
(26, 26, 1909, '2019-07-06', 1, 0, 'OVM Del 01 de Sep2019 al 30 de Sep2019', '580.00'),
(27, 28, 1909, '2019-07-07', 1, 0, 'PBX Del 01 de Aug2019 al 31 de Aug2019', '850.00'),
(28, 29, 1909, '2019-07-08', 1, 0, 'OVM Del 01 de Sep2019 al 30 de Sep2019', '480.00'),
(29, 52, 1909, '2019-07-09', 1, 0, 'OVM Del 01 de Sep2019 al 30 de Sep2019', '580.00'),
(30, 53, 1909, '2019-07-10', 1, 0, 'OVM Del 01 de Sep2019 al 30 de Sep2019', '580.00'),
(31, 1, 1909, '2019-07-11', 1, 0, ' Del 0 de Sep2019 al 30 de Aug2019', '0.00'),
(32, 94, 1909, '2019-07-12', 1, 0, 'OVM Del 01 de Sep2019 al 30 de Sep2019', '375.00'),
(33, 100, 1909, '2019-07-13', 1, 0, 'OFF Del 01 de Sep2019 al 30 de Sep2019', '2700.00'),
(34, 0, 1910, '2019-07-14', 1, 0, 'Uso de Sala de Reuniones de 2:00 a 3:00 p.m.', '35.00'),
(35, 115, 1910, '2019-07-15', 1, 0, 'Uso de Sala de Reuniones de 2:00 a 3:00 p.m.', '35.00'),
(36, 29, 1908, '2019-07-16', 1, 0, 'OVM Del 01 de Aug2019 al 31 de Aug2019', '480.00'),
(37, 103, 1909, '2019-07-17', 610, 0, 'Copias, impresiones y esc√°neos', '183.00'),
(38, 97, 1908, '2019-07-18', 1, 0, 'OVS Del 15 de Aug2019 al 14 de Ene2020', '1750.00'),
(39, 109, 1908, '2019-07-19', 1, 0, 'OVT Del 01 de Aug2019 al 31 de Oct2019', '1000.00'),
(40, 104, 1908, '2019-07-20', 1, 0, 'OVT Del 15 de Aug2019 al 14 de Nov2019', '1000.00'),
(41, 29, 1910, '2019-07-21', 1, 0, 'Entrega Fac. Tivoli mes septiembre', '25.00'),
(42, 29, 1910, '2019-07-22', 1, 0, 'Recoger cheque en multiquimicos-no estaba juanito', '25.00'),
(43, 29, 1910, '2019-07-23', 1, 0, 'Entrega de Factura Organizaci√≥n RIMET', '25.00'),
(44, 29, 1910, '2019-07-24', 1, 0, 'Recoger cheque multiquimicos', '25.00'),
(45, 29, 1910, '2019-07-25', 1, 0, 'Entrega facura Grupo Tucan', '25.00'),
(46, 29, 1910, '2019-07-26', 1, 0, 'Recoger cheque en Tivoli', '25.00'),
(47, 29, 1910, '2019-07-27', 1, 0, 'Recoger cheque Grupo Tucan', '25.00'),
(48, 2, 1910, '2019-07-28', 1, 0, 'OVM Del 01 de Oct2019 al 31 de Oct2019', '580.00'),
(49, 21, 1910, '2019-07-29', 1, 0, 'OVM Del 01 de Oct2019 al 31 de Oct2019', '505.70'),
(50, 24, 1910, '2019-07-30', 1, 0, 'OVM Del 01 de Oct2019 al 31 de Oct2019', '580.00'),
(51, 25, 1910, '2019-07-31', 1, 0, 'OVM Del 01 de Oct2019 al 31 de Oct2019', '580.00'),
(52, 26, 1910, '2019-08-01', 1, 0, 'OVM Del 01 de Oct2019 al 31 de Oct2019', '580.00'),
(53, 28, 1910, '2019-08-02', 1, 0, 'PBX Del 01 de Oct2019 al 31 de Oct2019', '850.00'),
(54, 29, 1910, '2019-08-03', 1, 0, 'OVM Del 01 de Oct2019 al 31 de Oct2019', '480.00'),
(55, 52, 1910, '2019-08-04', 1, 0, 'OVM Del 01 de Oct2019 al 31 de Oct2019', '580.00'),
(56, 53, 1910, '2019-08-05', 1, 0, 'OVM Del 01 de Oct2019 al 31 de Oct2019', '580.00'),
(57, 1, 1910, '2019-08-06', 1, 0, ' Del 0 de Sep2019 al 29 de Sep2019', '0.00'),
(58, 94, 1910, '2019-08-07', 1, 0, 'OVM Del 01 de Oct2019 al 31 de Oct2019', '375.00'),
(59, 100, 1910, '2019-08-08', 1, 0, 'OFF Del 01 de Oct2019 al 31 de Oct2019', '2700.00'),
(60, 120, 1910, '2019-08-09', 1, 0, 'OVS Del 15 de Oct2019 al 14 de Apr2020', '2000.00'),
(61, 121, 1910, '2019-08-10', 1, 0, 'OVS Del 01 de Oct2019 al 31 de Mar2020', '2000.00'),
(62, 29, 1911, '2019-08-11', 1, 0, 'Entrega de factura Tivoli', '25.00'),
(63, 29, 1911, '2019-08-12', 1, 0, 'Entrega Factura Grupo Tucan', '25.00'),
(64, 29, 1911, '2019-08-13', 1, 0, 'Recoger cheque de Tivoli', '25.00'),
(65, 29, 1911, '2019-08-14', 1, 0, 'Entrega de Sobre a Francisco Iba√±ez', '25.00'),
(66, 2, 1911, '2019-08-15', 1, 0, 'OVM Del 01 de Nov2019 al 30 de Nov2019', '580.00'),
(67, 21, 1911, '2019-08-16', 1, 0, 'OVM Del 01 de Nov2019 al 30 de Nov2019', '505.70'),
(68, 24, 1911, '2019-08-17', 1, 0, 'OVM Del 01 de Nov2019 al 30 de Nov2019', '580.00'),
(69, 25, 1911, '2019-08-18', 1, 0, 'OVM Del 01 de Nov2019 al 30 de Nov2019', '580.00'),
(70, 26, 1911, '2019-08-19', 1, 0, 'OVM Del 01 de Nov2019 al 30 de Nov2019', '580.00'),
(71, 28, 1911, '2019-08-20', 1, 0, 'PBX Del 01 de Nov2019 al 30 de Nov2019', '850.00'),
(72, 29, 1911, '2019-08-21', 1, 0, 'OVM Del 01 de Nov2019 al 30 de Nov2019', '333.00'),
(73, 52, 1911, '2019-08-22', 1, 0, 'OVM Del 01 de Nov2019 al 30 de Nov2019', '580.00'),
(74, 53, 1911, '2019-08-23', 1, 0, 'OVM Del 01 de Nov2019 al 30 de Nov2019', '580.00'),
(75, 1, 1911, '2019-08-24', 1, 0, ' Del 0 de Oct2019 al 30 de Oct2019', '0.00'),
(76, 87, 1911, '2019-08-25', 1, 0, 'OVB Del 15 de Nov2019 al 14 de Jan2020', '700.00'),
(77, 94, 1911, '2019-08-26', 1, 0, 'OVM Del 01 de Nov2019 al 30 de Nov2019', '375.00'),
(78, 100, 1911, '2019-08-27', 1, 0, 'OFF Del 01 de Nov2019 al 30 de Nov2019', '2700.00'),
(79, 103, 1911, '2019-08-28', 1, 0, 'OVT Del 14 de Nov2019 al 13 de Feb2020', '1000.00'),
(80, 104, 1911, '2019-08-29', 1, 0, 'OVT Del 01 de Nov2019 al 31 de Jan2020', '1000.00'),
(81, 109, 1911, '2019-08-30', 1, 0, 'OVT Del 01 de Nov2019 al 31 de Jan2020', '1000.00'),
(82, 112, 1911, '2019-08-31', 1, 0, 'OVS Del 01 de Nov2019 al 30 de Apr2020', '2000.00'),
(83, 119, 1911, '2019-09-01', 1, 0, 'OVT Del 01 de Nov2019 al 31 de Jan2020', '1000.00'),
(84, 103, 1911, '2019-09-02', 505, 0, 'Impresiones, copias y escaneos ', '151.50'),
(85, 0, 1912, '2019-09-03', 1, 0, 'Entrega Factura Grupo Tucan', '30.00'),
(86, 0, 1912, '2019-09-04', 1, 0, 'Recoger cheq', '30.00'),
(87, 0, 1912, '2019-09-05', 1, 0, 'Entrega de factura Tivoli', '30.00'),
(88, 0, 1912, '2019-09-06', 1, 0, 'Entrega Factura Grupo Tucan Tienda Virtual', '30.00'),
(89, 0, 1912, '2019-09-07', 1, 0, 'Recoger cheque de Tivoli', '30.00'),
(90, 0, 1912, '2019-09-08', 1, 0, 'Recoger carta de RIMET', '30.00'),
(91, 0, 1912, '2019-09-09', 1, 0, 'Recoger cheque Grupo Tucan', '30.00'),
(92, 0, 1912, '2019-09-10', 1, 0, 'Recoger cheque Grupo Tucan', '30.00'),
(93, 29, 1912, '2019-09-11', 1, 0, 'Entrega Factura Grupo Tucan', '30.00'),
(94, 29, 1912, '2019-09-12', 1, 0, 'Recoger Cheque de Multiquimicos', '30.00'),
(95, 29, 1912, '2019-09-13', 1, 0, 'Entrega de factura Tivoli', '30.00'),
(96, 29, 1912, '2019-09-14', 1, 0, 'Entrega Factura Grupo Tucan Tienda Virtual', '30.00'),
(97, 29, 1912, '2019-09-15', 1, 0, 'Recoger cheque de Tivoli', '30.00'),
(98, 29, 1912, '2019-09-16', 1, 0, 'Recoger carta de RIMET', '30.00'),
(99, 29, 1912, '2019-09-17', 1, 0, 'Recoger cheque Grupo Tucan', '30.00'),
(100, 2, 1912, '2019-09-18', 1, 0, 'OVM Del 01 de Dec2019 al 31 de Dec2019', '580.00'),
(101, 21, 1912, '2019-09-19', 1, 0, 'OVM Del 01 de Dec2019 al 31 de Dec2019', '505.70'),
(102, 24, 1912, '2019-09-20', 1, 0, 'OVM Del 01 de Dec2019 al 31 de Dec2019', '580.00'),
(103, 25, 1912, '2019-09-21', 1, 0, 'OVM Del 01 de Dec2019 al 31 de Dec2019', '580.00'),
(104, 26, 1912, '2019-09-22', 1, 0, 'OVM Del 01 de Dec2019 al 31 de Dec2019', '580.00'),
(105, 28, 1912, '2019-09-23', 1, 0, 'PBX Del 01 de Dec2019 al 31 de Dec2019', '850.00'),
(106, 29, 1912, '2019-09-24', 1, 0, 'OVM Del 01 de Dec2019 al 31 de Dec2019', '333.00'),
(107, 52, 1912, '2019-09-25', 1, 0, 'OVM Del 01 de Dec2019 al 31 de Dec2019', '580.00'),
(108, 53, 1912, '2019-09-26', 1, 0, 'OVM Del 01 de Dec2019 al 31 de Dec2019', '580.00'),
(109, 1, 1912, '2019-09-27', 1, 0, ' Del 0 de Nov2019 al 29 de Nov2019', '0.00'),
(110, 94, 1912, '2019-09-28', 1, 0, 'OVM Del 01 de Dec2019 al 31 de Dec2019', '375.00'),
(111, 100, 1912, '2019-09-29', 1, 0, 'OFF Del 01 de Dec2019 al 31 de Dec2019', '2700.00'),
(112, 108, 1912, '2019-09-30', 1, 0, 'OVT Del 01 de Dec2019 al 29 de Feb2020', '1000.00'),
(113, 116, 1912, '2019-10-01', 1, 0, 'OVT Del 01 de Dec2019 al 29 de Feb2020', '1000.00'),
(114, 122, 1912, '2019-10-02', 1, 0, 'OVS Del 19 de Dec2019 al 18 de Jun2020', '2000.00'),
(115, 2, 2001, '2019-10-03', 1, 0, 'OVM Del 01 de Jan2020 al 31 de Jan2020', '580.00'),
(116, 21, 2001, '2019-10-04', 1, 0, 'OVM Del 01 de Jan2020 al 31 de Jan2020', '505.70'),
(117, 24, 2001, '2019-10-05', 1, 0, 'OVM Del 01 de Jan2020 al 31 de Jan2020', '580.00'),
(118, 25, 2001, '2019-10-06', 1, 0, 'OVM Del 01 de Jan2020 al 31 de Jan2020', '580.00'),
(119, 26, 2001, '2019-10-07', 1, 0, 'OVM Del 01 de Jan2020 al 31 de Jan2020', '580.00'),
(120, 28, 2001, '2019-10-08', 1, 0, 'PBX Del 01 de Jan2020 al 31 de Jan2020', '850.00'),
(121, 29, 2001, '2019-10-09', 1, 0, 'OVM Del 01 de Jan2020 al 31 de Jan2020', '333.00'),
(122, 52, 2001, '2019-10-10', 1, 0, 'OVM Del 01 de Jan2020 al 31 de Jan2020', '580.00'),
(123, 53, 2001, '2019-10-11', 1, 0, 'OVM Del 01 de Jan2020 al 31 de Jan2020', '580.00'),
(124, 1, 2001, '2019-10-12', 1, 0, ' Del 0 de Dec2020 al 30 de Dec2019', '0.00'),
(125, 87, 2001, '2019-10-13', 1, 0, 'OVB Del 15 de Jan2020 al 14 de Mar2020', '700.00'),
(126, 94, 2001, '2019-10-14', 1, 0, 'OVM Del 01 de Jan2020 al 31 de Jan2020', '375.00'),
(127, 100, 2001, '2019-10-15', 1, 0, 'OFF Del 01 de Jan2020 al 31 de Jan2020', '2700.00'),
(128, 123, 1912, '2019-10-16', 1, 0, 'OVT Del 15 de Dec 2019 al 14 de Mar 2020', '1000.00'),
(129, 29, 2001, '2019-10-17', 1, 0, 'Entrega factura Grupo Tucan', '30.00'),
(130, 29, 2001, '2019-10-18', 1, 0, 'Entrega factura Tivoli', '30.00'),
(131, 29, 2001, '2019-10-19', 1, 0, 'Recoger cheque en Padegua', '30.00'),
(132, 29, 2001, '2019-10-20', 1, 0, 'Recoger cheque de Unidanza', '30.00'),
(133, 29, 2001, '2019-10-21', 1, 0, 'Recoger facturas Impresiones Pirirl', '30.00'),
(134, 103, 2002, '2019-10-22', 1, 0, 'Por impresiones, Escaner y Fotocopias', '171.60'),
(135, 29, 2002, '2019-10-23', 1, 0, 'Entrega factura Tivoli', '30.00'),
(136, 29, 2002, '2019-10-24', 1, 0, 'Recoger cheque de Tivoli', '30.00'),
(137, 29, 2002, '2019-10-25', 1, 0, 'Recoger Cheque de Multiquimicos', '30.00'),
(138, 29, 2002, '2019-10-26', 1, 0, 'Recoger cheque y entregar factura Grupo Tucan', '30.00'),
(139, 0, 2002, '2019-10-27', 1, 0, 'Alquiler de oficina ', '150.00'),
(140, 62, 2002, '2019-10-28', 1, 0, 'Alquiler de oficina ', '150.00'),
(141, 62, 2002, '2019-10-29', 1, 0, 'Alquiler de oficina ', '350.00'),
(142, 62, 2002, '2019-10-30', 1, 0, 'Alquiler de oficina por dos d√≠as', '700.00'),
(143, 2, 2002, '2019-10-31', 1, 0, 'OVM Del 01 de Feb2020 al 29 de Feb2020', '580.00'),
(144, 16, 2002, '2019-11-01', 1, 0, 'OVA Del 01 de Feb2020 al 31 de Jan2021', '4900.00'),
(145, 21, 2002, '2019-11-02', 1, 0, 'OVM Del 01 de Feb2020 al 29 de Feb2020', '505.70'),
(146, 24, 2002, '2019-11-03', 1, 0, 'OVM Del 01 de Feb2020 al 29 de Feb2020', '580.00'),
(147, 25, 2002, '2019-11-04', 1, 0, 'OVM Del 01 de Feb2020 al 29 de Feb2020', '580.00'),
(148, 26, 2002, '2019-11-05', 1, 0, 'OVM Del 01 de Feb2020 al 29 de Feb2020', '580.00'),
(149, 28, 2002, '2019-11-06', 1, 0, 'PBX Del 01 de Feb2020 al 29 de Feb2020', '850.00'),
(150, 29, 2002, '2019-11-07', 1, 0, 'OVM Del 01 de Feb2020 al 29 de Feb2020', '333.00'),
(151, 52, 2002, '2019-11-08', 1, 0, 'OVM Del 01 de Feb2020 al 29 de Feb2020', '580.00'),
(152, 53, 2002, '2019-11-09', 1, 0, 'OVM Del 01 de Feb2020 al 29 de Feb2020', '580.00'),
(153, 1, 2002, '2019-11-10', 1, 0, ' Del 0 de Jan2020 al 30 de Jan2020', '0.00'),
(154, 94, 2002, '2019-11-11', 1, 0, 'OVM Del 01 de Feb2020 al 29 de Feb2020', '375.00'),
(155, 97, 2002, '2019-11-12', 1, 0, 'OVS Del 15 de Feb2020 al 14 de Aug2020', '1750.00'),
(156, 100, 2002, '2019-11-13', 1, 0, 'OFF Del 01 de Feb2020 al 29 de Feb2020', '2700.00'),
(157, 103, 2002, '2019-11-14', 1, 0, 'OVT Del 14 de Feb2020 al 13 de May2020', '1000.00'),
(158, 104, 2002, '2019-11-15', 1, 0, 'OVT Del 15 de Feb2020 al 14 de May2020', '1000.00'),
(159, 109, 2002, '2019-11-16', 1, 0, 'OVT Del 01 de Feb2020 al 30 de Apr2020', '1000.00'),
(160, 119, 2002, '2019-11-17', 1, 0, 'OVT Del 01 de Feb2020 al 30 de Apr2020', '1000.00'),
(161, 29, 2003, '2019-11-18', 1, 0, 'Entrega de factura Tivoli', '30.00'),
(162, 29, 2003, '2019-11-19', 1, 0, 'Entrega factura Grupo tucan', '30.00'),
(163, 29, 2003, '2019-11-20', 1, 0, 'Recoger cheque Tivoli', '30.00'),
(164, 29, 2003, '2019-11-21', 1, 0, 'Recoger cheque Tivoli', '30.00'),
(165, 29, 2003, '2019-11-22', 1, 0, 'Recoger cheque Grupo Tucan', '30.00'),
(166, 2, 2003, '2019-11-23', 1, 0, 'OVM Del 01 de Mar2020 al 31 de Mar2020', '580.00'),
(167, 21, 2003, '2019-11-24', 1, 0, 'OVM Del 01 de Mar2020 al 31 de Mar2020', '505.70'),
(168, 24, 2003, '2019-11-25', 1, 0, 'OVM Del 01 de Mar2020 al 31 de Mar2020', '580.00'),
(169, 25, 2003, '2019-11-26', 1, 0, 'OVM Del 01 de Mar2020 al 31 de Mar2020', '580.00'),
(170, 26, 2003, '2019-11-27', 1, 0, 'OVM Del 01 de Mar2020 al 31 de Mar2020', '580.00'),
(171, 28, 2003, '2019-11-28', 1, 0, 'PBX Del 01 de Mar2020 al 31 de Mar2020', '850.00'),
(172, 29, 2003, '2019-11-29', 1, 0, 'OVM Del 01 de Mar2020 al 31 de Mar2020', '333.00'),
(173, 52, 2003, '2019-11-30', 1, 0, 'OVM Del 01 de Mar2020 al 31 de Mar2020', '580.00'),
(174, 53, 2003, '2019-12-01', 1, 0, 'OVM Del 01 de Mar2020 al 31 de Mar2020', '580.00'),
(175, 1, 2003, '2019-12-02', 1, 0, ' Del 0 de Feb2020 al 28 de Feb2020', '0.00'),
(176, 87, 2003, '2019-12-03', 1, 0, 'OVB Del 15 de Mar2020 al 14 de May2020', '525.00'),
(177, 94, 2003, '2019-12-04', 1, 0, 'OVM Del 01 de Mar2020 al 31 de Mar2020', '375.00'),
(178, 100, 2003, '2019-12-05', 1, 0, 'OFF Del 01 de Mar2020 al 31 de Mar2020', '2700.00'),
(179, 113, 2003, '2019-12-06', 1, 0, 'OVS Del 01 de Mar2020 al 31 de Aug2020', '2000.00'),
(180, 116, 2003, '2019-12-07', 1, 0, 'OVT Del 01 de Mar2020 al 31 de May2020', '1000.00'),
(181, 29, 2004, '2019-12-08', 1, 0, 'Entregar factura de Tivoli mensual', '30.00'),
(182, 29, 2004, '2019-12-09', 1, 0, 'Recoger cheque Tivoli y entregar factura de certificado', '30.00'),
(183, 29, 2004, '2019-12-10', 1, 0, 'Entregar Sobre de Panamerican Bussines School', '30.00'),
(184, 29, 2004, '2019-12-11', 1, 0, 'Recoger cheque de Multiquimicos', '30.00'),
(185, 29, 2004, '2019-12-12', 1, 0, 'Entregar factura Grupo Tucan', '30.00'),
(186, 29, 2004, '2019-12-13', 1, 0, 'Entrega de factura Agriavances', '45.00'),
(187, 29, 2004, '2019-12-14', 1, 0, 'Entrega de factura Tivoli', '30.00'),
(188, 29, 2004, '2019-12-15', 1, 0, 'Entrega de factura Grupo Tucan', '30.00'),
(189, 2, 2004, '2019-12-16', 1, 0, 'OVM Del 01 de Apr2020 al 30 de Apr2020', '580.00'),
(190, 21, 2004, '2019-12-17', 1, 0, 'OVM Del 01 de Apr2020 al 30 de Apr2020', '505.70'),
(191, 24, 2004, '2019-12-18', 1, 0, 'OVM Del 01 de Apr2020 al 30 de Apr2020', '580.00'),
(192, 25, 2004, '2019-12-19', 1, 0, 'OVM Del 01 de Apr2020 al 30 de Apr2020', '580.00'),
(193, 26, 2004, '2019-12-20', 1, 0, 'OVM Del 01 de Apr2020 al 30 de Apr2020', '580.00'),
(194, 28, 2004, '2019-12-21', 1, 0, 'PBX Del 01 de Apr2020 al 30 de Apr2020', '850.00'),
(195, 29, 2004, '2019-12-22', 1, 0, 'OVM Del 01 de Apr2020 al 30 de Apr2020', '333.00'),
(196, 52, 2004, '2019-12-23', 1, 0, 'OVM Del 01 de Apr2020 al 30 de Apr2020', '580.00'),
(197, 53, 2004, '2019-12-24', 1, 0, 'OVM Del 01 de Apr2020 al 30 de Apr2020', '580.00'),
(198, 1, 2004, '2019-12-25', 1, 0, ' Del 0 de Mar2020 al 30 de Mar2020', '0.00'),
(199, 94, 2004, '2019-12-26', 1, 0, 'OVM Del 01 de Apr2020 al 30 de Apr2020', '375.00'),
(200, 100, 2004, '2019-12-27', 1, 0, 'OFF Del 01 de Apr2020 al 30 de Apr2020', '2700.00'),
(201, 120, 2004, '2019-12-28', 1, 0, 'OVS Del 15 de Apr2020 al 14 de Oct2020', '2000.00'),
(202, 0, 2005, '2019-12-29', 1, 0, 'Prueba ', '25.00'),
(203, 1, 2005, '2019-12-30', 1, 0, 'Prueba ', '25.00'),
(204, 29, 2005, '2019-12-31', 1, 0, 'Recoger cheque Grupo Tucan ', '30.00'),
(205, 29, 2005, '2020-01-01', 1, 0, 'Recoger cheque Agriavances', '45.00'),
(206, 29, 2005, '2020-01-02', 1, 0, 'Intento de dep√≥sito Grupo tucan por haber sido rechazado', '30.00'),
(207, 29, 2005, '2020-01-03', 1, 0, 'Cambio de cheque Grupo Tucan por firma variada', '30.00'),
(208, 29, 2005, '2020-01-04', 1, 0, 'Recoger cheque Grupo Tucan ', '30.00'),
(209, 2, 2005, '2020-01-05', 1, 0, 'OVM Del 01 de May2020 al 31 de May2020', '580.00'),
(210, 21, 2005, '2020-01-06', 1, 0, 'OVM Del 01 de May2020 al 31 de May2020', '505.70'),
(211, 24, 2005, '2020-01-07', 1, 0, 'OVM Del 01 de May2020 al 31 de May2020', '580.00'),
(212, 25, 2005, '2020-01-08', 1, 0, 'OVM Del 01 de May2020 al 31 de May2020', '580.00'),
(213, 26, 2005, '2020-01-09', 1, 0, 'OVM Del 01 de May2020 al 31 de May2020', '580.00'),
(214, 28, 2005, '2020-01-10', 1, 0, 'PBX Del 01 de May2020 al 31 de May2020', '850.00'),
(215, 29, 2005, '2020-01-11', 1, 0, 'OVM Del 01 de May2020 al 31 de May2020', '333.00'),
(216, 52, 2005, '2020-01-12', 1, 0, 'OVM Del 01 de May2020 al 31 de May2020', '580.00'),
(217, 53, 2005, '2020-01-13', 1, 0, 'OVM Del 01 de May2020 al 31 de May2020', '580.00'),
(218, 1, 2005, '2020-01-14', 1, 0, ' Del 0 de Apr2020 al 29 de Apr2020', '0.00'),
(219, 87, 2005, '2020-01-15', 1, 0, 'OVB Del 15 de May2020 al 14 de Jul2020', '525.00'),
(220, 94, 2005, '2020-01-16', 1, 0, 'OVM Del 01 de May2020 al 31 de May2020', '375.00'),
(221, 100, 2005, '2020-01-17', 1, 0, 'OFF Del 01 de May2020 al 31 de May2020', '2700.00'),
(222, 103, 2005, '2020-01-18', 1, 0, 'OVT Del 14 de May2020 al 13 de Aug2020', '1000.00'),
(223, 104, 2005, '2020-01-19', 1, 0, 'OVT Del 15 de May2020 al 14 de Aug2020', '1000.00'),
(224, 112, 2005, '2020-01-20', 1, 0, 'OVS Del 01 de May2020 al 31 de Oct2020', '2000.00'),
(225, 119, 2005, '2020-01-21', 1, 0, 'OVT Del 01 de May2020 al 31 de Jul2020', '1000.00'),
(226, 0, 2006, '2020-01-22', 1, 0, 'Fotocopias, Escaner, e Impresiones', '74.40'),
(227, 103, 2005, '2020-01-23', 1, 0, 'Fotocopias, Escaner, e Impresiones', '74.40'),
(228, 29, 2006, '2020-01-24', 1, 0, 'Entrega de factura Grupo Tucan y Rec Cheque', '30.00'),
(229, 29, 2006, '2020-01-25', 1, 0, 'Recolectar Documentos en Panamerican School', '30.00'),
(230, 29, 2006, '2020-01-26', 1, 0, 'Entrega de facturas y Rec. cheque Tivoli', '30.00'),
(231, 29, 2006, '2020-01-27', 1, 0, 'EntregaFac y Rec Cheque Karisma Express', '30.00'),
(232, 0, 2006, '2020-01-28', 1, 0, 'servicio de Alquiler de sala de reuniones', '35.00'),
(233, 0, 2006, '2020-01-29', 1, 0, 'servicio de Alquiler de sala de reuniones', '35.00'),
(234, 112, 2005, '2020-01-30', 1, 0, 'servicio de Alquiler de sala de reuniones', '35.00'),
(235, 112, 2005, '2020-01-31', 1, 0, 'servicio de Asistencia virtual', '91.50'),
(236, 2, 2006, '2020-02-01', 1, 0, 'OVM Del 01 de Jun2020 al 30 de Jun2020', '580.00'),
(237, 21, 2006, '2020-02-02', 1, 0, 'OVM Del 01 de Jun2020 al 30 de Jun2020', '505.70'),
(238, 24, 2006, '2020-02-03', 1, 0, 'OVM Del 01 de Jun2020 al 30 de Jun2020', '580.00'),
(239, 25, 2006, '2020-02-04', 1, 0, 'OVM Del 01 de Jun2020 al 30 de Jun2020', '580.00'),
(240, 26, 2006, '2020-02-05', 1, 0, 'OVM Del 01 de Jun2020 al 30 de Jun2020', '580.00'),
(241, 28, 2006, '2020-02-06', 1, 0, 'PBX Del 01 de Jun2020 al 30 de Jun2020', '850.00'),
(242, 29, 2006, '2020-02-07', 1, 0, 'OVM Del 01 de Jun2020 al 30 de Jun2020', '333.00'),
(243, 52, 2006, '2020-02-08', 1, 0, 'OVM Del 01 de Jun2020 al 30 de Jun2020', '580.00'),
(244, 53, 2006, '2020-02-09', 1, 0, 'OVM Del 01 de Jun2020 al 30 de Jun2020', '580.00'),
(245, 1, 2006, '2020-02-10', 1, 0, ' Del 0 de May2020 al 30 de May2020', '0.00'),
(246, 94, 2006, '2020-02-11', 1, 0, 'OVM Del 01 de Jun2020 al 30 de Jun2020', '375.00'),
(247, 100, 2006, '2020-02-12', 1, 0, 'OFF Del 01 de Jun2020 al 30 de Jun2020', '2700.00'),
(248, 116, 2006, '2020-02-13', 1, 0, 'OVT Del 01 de Jun2020 al 31 de Aug2020', '1000.00'),
(249, 122, 2006, '2020-02-14', 1, 0, 'OVS Del 19 de Jun2020 al 18 de Dec2020', '2000.00'),
(250, 124, 2006, '2020-02-15', 1, 0, 'OVT Del 01 de Jun2020 al 31 de Aug2020', '1000.00');

-- --------------------------------------------------------

--
-- Table structure for table `factura`
--

CREATE TABLE `factura` (
  `idRegistro` int(11) NOT NULL,
  `numeroFactura` int(11) DEFAULT NULL,
  `fechaFactura` date DEFAULT NULL,
  `idCliente` int(11) DEFAULT NULL,
  `codigoMes` int(11) DEFAULT NULL COMMENT 'código interno para amarrar reporte',
  `montoFactura` decimal(11,2) DEFAULT NULL,
  `documentoPago` int(11) DEFAULT NULL
) ENGINE=InnoDB DEFAULT CHARSET=utf8 COLLATE=utf8_spanish2_ci;

--
-- Dumping data for table `factura`
--

INSERT INTO `factura` (`idRegistro`, `numeroFactura`, `fechaFactura`, `idCliente`, `codigoMes`, `montoFactura`, `documentoPago`) VALUES
(1, 1, '2016-01-27', 0, 0, '0.00', 1234),
(2, 2, '2016-01-27', 58, 0, '3600.00', 910689),
(3, 3, '2016-01-27', 55, 0, '3600.00', 1060831),
(4, 4, '2016-01-27', 56, 0, '3600.00', 910691),
(5, 5, '2016-01-27', 57, 0, '3600.00', 910690),
(6, 6, '2016-01-28', 48, 0, '1125.00', 50600087),
(7, 8, '2016-01-28', 0, 0, '0.00', 0),
(8, 9, '2016-01-29', 29, 0, '680.00', 9884697),
(9, 10, '2016-02-04', 21, 0, '505.70', 1402565),
(10, 11, '2016-02-05', 0, 0, '0.00', 0),
(11, 12, '2016-02-01', 0, 0, '0.00', 0),
(12, 13, '2016-02-05', 24, 0, '580.00', 20751394),
(13, 14, '2016-02-05', 26, 0, '580.00', 20807403),
(14, 15, '2016-02-05', 25, 0, '580.00', 20784372),
(15, 16, '2016-02-05', 52, 0, '580.00', 2994349),
(16, 17, '2016-02-05', 47, 0, '505.70', 5844906),
(17, 18, '2016-02-05', 0, 0, '0.00', 0),
(18, 19, '2016-02-08', 27, 0, '195.00', 9105698),
(19, 20, '2016-02-08', 20, 0, '580.00', 4374017),
(20, 21, '2016-02-08', 61, 0, '180.00', 6030296),
(21, 22, '2016-02-08', 31, 0, '3995.00', 5025087),
(22, 23, '2016-02-08', 28, 0, '1479.30', 6342863),
(23, 24, '2016-02-08', 0, 0, '0.00', 0),
(24, 25, '2016-02-10', 0, 0, '0.00', 0),
(25, 26, '2016-02-11', 0, 0, '0.00', 0),
(26, 27, '2016-02-08', 62, 0, '500.00', 1060467),
(27, 28, '2016-02-12', 54, 0, '960.00', 1060467),
(28, 29, '2016-02-16', 37, 0, '1389.00', 1060463),
(29, 30, '2016-02-17', 28, 0, '1368.40', 9105698),
(30, 31, '2016-02-18', 0, 0, '0.00', 0),
(31, 32, '2016-02-22', 7, 0, '75.00', 1964006),
(32, 33, '2016-02-26', 63, 0, '175.00', 4103060),
(33, 34, '2016-03-01', 52, 0, '580.00', 7380507),
(34, 35, '2016-03-01', 2, 0, '1160.00', 4103059),
(35, 36, '2016-03-01', 29, 0, '1235.00', 2994349),
(36, 37, '2016-03-02', 0, 0, '0.00', 0),
(37, 38, '2016-03-02', 20, 0, '680.00', 4374017),
(38, 39, '2016-03-04', 21, 0, '505.70', 177606),
(39, 40, '2016-03-08', 2, 0, '580.00', 9474224),
(40, 41, '2016-03-09', 44, 0, '960.00', 5156501),
(41, 42, '2016-03-09', 60, 0, '100.00', 6342863),
(42, 43, '2016-03-10', 45, 0, '773.33', 4103076),
(43, 44, '2016-03-10', 63, 0, '200.00', 9474226),
(44, 45, '2016-03-10', 0, 0, '0.00', 0),
(45, 46, '2016-03-10', 47, 0, '505.70', 5844906),
(46, 47, '2016-03-10', 27, 0, '195.00', 6030239),
(47, 48, '2016-03-10', 26, 0, '580.00', 20853869),
(48, 49, '2016-03-10', 24, 0, '580.00', 20819154),
(49, 50, '2016-03-10', 25, 0, '580.00', 20819155),
(50, 51, '2016-03-10', 61, 0, '50.00', 6030296),
(51, 52, '2016-03-14', 0, 0, '0.00', 0),
(52, 53, '2016-03-14', 33, 0, '1500.00', 9884696),
(53, 54, '2016-03-14', 0, 1603, '0.00', 0),
(54, 56, '2016-03-16', 37, 1510, '1341.35', 4103778),
(55, 57, '2016-03-21', 49, 1512, '585.00', 3886040),
(56, 58, '2016-03-16', 53, 1603, '2320.00', 5116803),
(57, 59, '2016-03-28', 0, 1603, '0.00', 0),
(58, 60, '2016-03-28', 28, 1603, '1235.20', 6030239),
(59, 61, '2016-03-31', 29, 1603, '605.00', 1319656),
(60, 62, '2016-03-31', 50, 1603, '493.00', 6046022),
(61, 63, '2016-04-05', 21, 1604, '505.70', 7219003),
(62, 64, '2016-04-05', 44, 1602, '600.00', 7219003),
(63, 65, '2016-04-05', 44, 1603, '400.00', 7219003),
(64, 66, '2016-04-06', 0, 1604, '0.00', 0),
(65, 67, '2016-04-06', 2, 1604, '580.00', 7219003),
(66, 68, '2016-04-06', 52, 1604, '580.00', 7380507),
(67, 69, '2016-04-06', 54, 1601, '960.00', 6030296),
(68, 70, '2016-04-06', 27, 1604, '195.00', 3640382),
(69, 71, '2016-04-06', 26, 1604, '580.00', 20890913),
(70, 72, '2016-04-06', 24, 1604, '580.00', 20853870),
(71, 73, '2016-04-06', 25, 1604, '580.00', 208989902),
(72, 75, '2016-04-14', 28, 1604, '1469.50', 3640382),
(73, 76, '2016-04-14', 29, 1604, '605.00', 1319656),
(74, 82, '2016-04-25', 47, 1604, '505.70', 5844906),
(75, 87, '2016-05-03', 21, 160521, '505.70', 7103565),
(76, 88, '2016-05-03', 48, 1607, '1125.00', 50600516),
(77, 90, '2016-05-04', 52, 1605, '580.00', 7098358),
(78, 91, '2016-05-04', 47, 1605, '505.70', 515800),
(79, 92, '2016-05-04', 0, 1603, '0.00', 0),
(80, 93, '2016-05-04', 25, 1605, '580.00', 20988667),
(81, 94, '2016-05-04', 26, 1604, '580.00', 20923779),
(82, 95, '2016-05-04', 27, 1605, '195.00', 5771082),
(83, 96, '2016-05-04', 24, 1605, '580.00', 20971436),
(84, 98, '2016-05-04', 33, 1605, '2320.00', 249883),
(85, 97, '2016-05-04', 28, 1605, '1334.20', 5771081),
(86, 74, '2016-04-08', 64, 1605, '580.00', 7380506),
(87, 77, '2016-04-14', 65, 1511, '275.00', 0),
(88, 78, '2016-04-18', 66, 1604, '100.00', 5844905),
(89, 79, '2016-04-19', 67, 1604, '50.00', 5844905),
(90, 80, '2016-04-21', 67, 1604, '75.00', 5722847),
(91, 84, '2016-04-28', 67, 1604, '50.00', 5844905),
(92, 85, '2016-04-29', 67, 1604, '100.00', 7103565),
(93, 89, '2016-05-04', 67, 1605, '50.00', 1407120),
(94, 81, '2016-04-25', 68, 1604, '175.00', 5844905),
(95, 83, '2016-04-25', 69, 1605, '580.00', 5844905),
(96, 86, '2016-04-29', 70, 1605, '580.00', 3118835),
(97, 99, '2016-05-07', 71, 1605, '580.00', 1407120),
(98, 100, '2016-05-18', 35, 1605, '1855.00', 3643),
(99, 101, '2016-05-18', 0, 0, '0.00', 0),
(100, 102, '2016-05-22', 49, 1602, '585.00', 3640381),
(101, 104, '2016-05-26', 38, 1512, '841.40', 690210),
(102, 105, '2016-05-26', 0, 0, '0.00', 0),
(103, 107, '2016-05-31', 2, 1605, '580.00', 50603902),
(104, 109, '2016-06-02', 21, 1606, '505.70', 1862630),
(105, 110, '2016-06-03', 0, 0, '0.00', 0),
(106, 111, '2016-06-07', 2, 1606, '580.00', 137789),
(107, 112, '2016-06-13', 52, 1606, '580.00', 5772925),
(108, 113, '2016-06-13', 47, 1606, '505.70', 2170463),
(109, 114, '2016-06-13', 27, 1606, '195.00', 4509534),
(110, 115, '2016-06-13', 26, 1606, '580.00', 21103500),
(111, 116, '2016-06-13', 24, 1606, '580.00', 21103500),
(112, 117, '2016-06-13', 25, 1606, '580.00', 21105361),
(113, 118, '2016-06-14', 0, 1605, '0.00', 0),
(114, 119, '2016-06-14', 28, 1606, '1306.20', 4509534),
(115, 123, '2016-06-22', 64, 1606, '580.00', 3219590),
(116, 124, '2016-06-24', 63, 1606, '170.00', 3219591),
(117, 127, '2016-06-24', 0, 0, '0.00', 0),
(118, 129, '2016-06-27', 54, 1603, '960.00', 7271848),
(119, 130, '2016-06-29', 54, 1604, '480.00', 5634779),
(120, 131, '2016-06-24', 61, 1606, '87.50', 3219591),
(121, 133, '2016-07-06', 21, 1607, '505.70', 7268573),
(122, 134, '2016-07-06', 2, 1607, '580.00', 7268573),
(123, 135, '2016-07-08', 26, 1607, '580.00', 21169420),
(124, 136, '2016-07-08', 24, 1607, '580.00', 21129379),
(125, 137, '2016-07-08', 25, 1607, '580.00', 21169421),
(126, 138, '2016-07-08', 52, 1607, '580.00', 3922472),
(127, 139, '2016-07-08', 27, 1607, '195.00', 3934266),
(128, 140, '2016-07-08', 28, 1607, '1648.90', 3934265),
(129, 142, '2016-07-14', 71, 1607, '1160.00', 5772926),
(130, 141, '2016-07-14', 29, 1606, '1260.00', 21004165),
(131, 143, '2016-07-20', 64, 1607, '580.00', 5772924),
(132, 144, '2016-07-26', 35, 1606, '295.00', 48),
(133, 145, '2016-07-26', 0, 0, '0.00', 0),
(134, 146, '2016-07-26', 35, 1607, '604.35', 48),
(135, 148, '2016-07-29', 45, 1603, '480.00', 4501078),
(136, 132, '2016-07-28', 0, 0, '0.00', 0),
(137, 150, '2016-08-01', 29, 1607, '655.00', 2170448),
(138, 151, '2016-08-02', 45, 1604, '480.00', 5389081),
(139, 152, '2016-08-04', 21, 1608, '505.70', 2170461),
(140, 55, '2016-03-16', 73, 1603, '150.00', 7349552),
(141, 153, '2016-08-19', 0, 0, '0.00', 0),
(142, 154, '2016-08-05', 15, 1701, '2900.00', 21027051),
(143, 155, '2016-08-08', 2, 1608, '580.00', 2710516),
(144, 157, '2016-08-11', 47, 1607, '505.70', 515800),
(145, 158, '2016-08-11', 24, 1608, '580.00', 21235034),
(146, 159, '2016-08-11', 26, 1608, '580.00', 21235033),
(147, 160, '2016-08-11', 25, 1608, '580.00', 21311438),
(148, 161, '2016-08-11', 52, 1608, '580.00', 4788212),
(149, 162, '2016-08-11', 54, 1607, '960.00', 4277690),
(150, 163, '2016-08-11', 27, 1608, '195.00', 2170514),
(151, 164, '2016-08-11', 28, 1608, '1258.20', 8607068),
(152, 165, '2016-08-11', 0, 0, '0.00', 0),
(153, 166, '2016-08-18', 53, 1608, '2900.00', 2170462),
(154, 103, '2016-05-05', 74, 1605, '250.00', 7011919),
(155, 106, '2016-05-31', 75, 1601, '4211.16', 4316052),
(156, 108, '2016-06-01', 74, 1606, '50.00', 2170466),
(157, 120, '2016-06-16', 74, 1606, '150.00', 9175104),
(158, 121, '2016-06-17', 76, 1606, '1000.00', 9175766),
(159, 122, '2016-06-21', 74, 1606, '175.00', 9175104),
(160, 125, '2016-06-27', 74, 1606, '175.00', 7271849),
(161, 126, '2016-06-27', 75, 1602, '1380.43', 3216199),
(162, 128, '2016-06-27', 77, 1606, '7655.20', 4508169),
(163, 167, '2016-08-22', 47, 1608, '505.70', 2170463),
(164, 168, '2016-09-06', 29, 1608, '580.00', 2170468),
(165, 169, '2016-09-06', 2, 1609, '580.00', 2170467),
(166, 170, '2016-09-07', 21, 1609, '505.70', 2170468),
(167, 171, '2016-09-07', 26, 1609, '580.00', 21311438),
(168, 172, '2016-09-07', 24, 1609, '580.00', 21313527),
(169, 173, '2016-09-07', 25, 1609, '580.00', 21313526),
(170, 174, '2016-09-07', 52, 1609, '580.00', 2170484),
(171, 175, '2016-09-07', 28, 1609, '1632.30', 3046123),
(172, 176, '2016-09-07', 27, 1609, '195.00', 3046123),
(173, 177, '2016-09-07', 47, 1609, '505.70', 2170504),
(174, 178, '2016-09-07', 0, 0, '0.00', 0),
(175, 179, '2016-09-07', 45, 1605, '480.00', 3924141),
(176, 180, '2016-09-07', 0, 0, '0.00', 0),
(177, 181, '2016-09-07', 32, 1608, '457.50', 443302),
(178, 182, '2016-09-07', 48, 1609, '1125.00', 3922471),
(179, 183, '2016-09-08', 64, 1608, '580.00', 2170465),
(180, 184, '2016-09-13', 20, 1608, '75.00', 2170469),
(181, 185, '2016-09-13', 35, 1607, '520.00', 53),
(182, 186, '2016-09-14', 35, 1608, '693.33', 58),
(183, 187, '2016-09-14', 0, 0, '0.00', 0),
(184, 189, '2016-09-22', 2, 1609, '75.00', 3292137),
(185, 188, '2016-09-19', 49, 1605, '585.00', 1983291),
(186, 190, '2016-09-27', 38, 1604, '1215.20', 2170471),
(187, 191, '2016-09-28', 63, 1609, '160.00', 2170472),
(188, 192, '2016-09-29', 64, 1609, '580.00', 2170475),
(189, 193, '2016-10-04', 21, 1610, '505.70', 2170478),
(190, 194, '2016-10-05', 47, 1610, '505.70', 2170503),
(191, 195, '2016-10-05', 26, 1610, '580.00', 21366792),
(192, 196, '2016-10-05', 24, 1610, '580.00', 21366792),
(193, 197, '2016-10-05', 25, 1610, '580.00', 21407130),
(194, 199, '2016-10-05', 0, 0, '0.00', 0),
(195, 200, '2016-10-05', 54, 1608, '960.00', 2170499),
(196, 7, '2016-01-28', 60, 1610, '50.00', 0),
(197, 156, '2016-08-11', 0, 1608, '0.00', 0),
(198, 204, '2016-10-10', 28, 1610, '1161.60', 2170487),
(199, 205, '2016-10-10', 27, 1610, '195.00', 2170487),
(200, 201, '2016-10-06', 29, 1609, '705.00', 2519749),
(201, 202, '2016-10-10', 2, 1610, '580.00', 2170480),
(202, 149, '2016-07-29', 0, 1607, '0.00', 0),
(203, 156, '2016-08-08', 0, 1608, '0.00', 0),
(204, 147, '2016-07-29', 81, 1607, '5800.00', 4508168),
(205, 198, '2016-10-05', 52, 1610, '580.00', 2170500),
(206, 203, '2016-10-06', 80, 1610, '150.00', 3453746),
(207, 206, '2016-10-12', 0, 1610, '0.00', 0),
(208, 210, '2016-10-21', 80, 1610, '150.00', 7467848),
(209, 211, '2016-10-21', 29, 1610, '630.00', 21280344),
(210, 209, '2016-10-18', 84, 1016, '1968.10', 2519750),
(211, 208, '2016-10-18', 82, 1016, '100.00', 3453746),
(212, 212, '2016-10-28', 64, 1610, '580.00', 2170484),
(213, 213, '2016-10-31', 75, 1610, '1179.73', 2170486),
(214, 214, '2016-10-31', 54, 1610, '480.00', 3374370),
(215, 215, '2016-11-03', 80, 1611, '300.00', 2170489),
(216, 216, '2016-11-04', 2, 1611, '580.00', 2170488),
(217, 217, '2016-11-04', 29, 1611, '655.00', 8565206),
(218, 218, '2016-11-04', 47, 1611, '505.70', 2170503),
(219, 219, '2016-11-07', 0, 1611, '0.00', 0),
(220, 219, '2016-11-07', 0, 1611, '0.00', 0),
(221, 220, '2016-11-07', 52, 1611, '580.00', 8577910),
(222, 222, '2016-11-07', 0, 1611, '0.00', 0),
(223, 223, '2016-11-07', 25, 1611, '580.00', 21499095),
(224, 224, '2016-11-07', 24, 1611, '580.00', 21471357),
(225, 225, '2016-11-07', 0, 1611, '0.00', 0),
(226, 226, '2016-11-07', 26, 1611, '580.00', 21407131),
(227, 227, '2016-11-07', 21, 1611, '505.70', 2170491),
(228, 207, '2016-10-14', 83, 1610, '150.00', 2170483),
(229, 221, '2016-11-07', 85, 1611, '70.00', 1269299),
(230, 228, '2016-11-09', 0, 1611, '0.00', 0),
(231, 229, '2016-11-09', 0, 1611, '0.00', 0),
(232, 230, '2016-11-10', 72, 1610, '1325.00', 2170492),
(233, 231, '2016-11-11', 53, 1611, '1160.00', 2170495),
(234, 232, '2016-11-11', 80, 1611, '220.00', 8132336),
(235, 233, '2016-11-14', 0, 1611, '0.00', 0),
(236, 234, '2016-11-14', 0, 1611, '0.00', 0),
(237, 235, '2016-11-14', 0, 1611, '0.00', 0),
(238, 237, '2016-11-14', 16, 1611, '5220.00', 2170515),
(239, 238, '2016-11-17', 0, 1611, '0.00', 0),
(240, 239, '2016-11-17', 28, 1611, '1214.70', 2170514),
(241, 240, '2016-11-17', 27, 1611, '195.00', 2170514),
(242, 241, '2016-11-17', 80, 1611, '150.00', 2170501),
(243, 242, '2016-11-17', 35, 1610, '939.38', 72),
(244, 243, '2016-11-17', 35, 1611, '1191.67', 72),
(245, 244, '2016-11-21', 85, 1611, '75.00', 8132336),
(246, 245, '2016-11-24', 44, 1611, '1000.00', 2170498),
(247, 247, '2016-11-29', 63, 1611, '120.00', 1269299),
(248, 248, '2016-11-29', 54, 1611, '480.00', 2170520),
(249, 249, '2016-11-29', 75, 1611, '1179.73', 6277597),
(250, 250, '2016-11-29', 0, 1611, '0.00', 0),
(251, 236, '2016-11-14', 87, 1611, '700.00', 49154402),
(252, 246, '2016-11-29', 86, 1611, '3750.00', 2170502),
(253, 258, '2016-12-01', 85, 1612, '140.00', 474077),
(254, 257, '2016-12-01', 86, 1612, '550.00', 2170519),
(255, 256, '2016-12-01', 26, 1612, '580.00', 21698423),
(256, 255, '2016-12-01', 25, 1612, '580.00', 21620490),
(257, 254, '2016-12-01', 24, 1612, '580.00', 21735879),
(258, 253, '2016-12-01', 52, 1612, '580.00', 1269297),
(259, 259, '2016-12-01', 74, 1612, '200.00', 2170506),
(260, 260, '2016-12-02', 62, 1612, '700.00', 2170507),
(261, 261, '2016-12-05', 0, 1612, '0.00', 0),
(262, 262, '2016-12-05', 21, 1612, '505.70', 2170508),
(263, 263, '2016-12-06', 2, 1612, '580.00', 2170510),
(264, 264, '2016-12-07', 45, 1612, '960.00', 2170511),
(265, 265, '2016-12-13', 74, 1612, '100.00', 2170513),
(266, 266, '2016-12-13', 0, 1612, '0.00', 0),
(267, 267, '2016-12-13', 28, 1612, '1641.78', 164195),
(268, 268, '2016-12-13', 0, 1612, '0.00', 0),
(269, 269, '2016-12-13', 27, 1612, '195.00', 2170514),
(270, 270, '2016-12-14', 74, 1612, '175.00', 8565207),
(271, 271, '2016-12-21', 49, 1612, '1170.00', 7921669),
(272, 272, '2016-12-16', 47, 1612, '505.70', 1269306),
(273, 278, '2016-12-30', 29, 1612, '680.00', 21438843),
(274, 277, '2016-12-30', 44, 1612, '2000.00', 5039369),
(275, 275, '2016-12-30', 0, 1612, '0.00', 0),
(276, 274, '2016-12-30', 54, 1612, '480.00', 4977346),
(277, 280, '2017-01-03', 35, 1612, '1122.00', 82),
(278, 281, '2017-01-03', 0, 1701, '0.00', 0),
(279, 282, '2017-01-03', 26, 1701, '580.00', 21698423),
(280, 283, '2017-01-03', 25, 1701, '580.00', 22094048),
(281, 284, '2017-01-03', 24, 1701, '580.00', 21796714),
(282, 285, '2017-01-03', 52, 1701, '580.00', 7811668),
(283, 286, '2017-01-03', 21, 1701, '505.70', 164195),
(284, 287, '2017-01-03', 2, 1701, '580.00', 4977346),
(285, 288, '2017-01-05', 28, 1701, '1193.13', 8607068),
(286, 289, '2017-01-05', 27, 1701, '195.00', 8607067),
(287, 290, '2017-01-06', 57, 1701, '3600.00', 2605916),
(288, 291, '2017-01-06', 0, 1701, '0.00', 0),
(289, 293, '2017-01-06', 0, 1701, '0.00', 0),
(290, 294, '2017-01-06', 56, 1701, '3600.00', 5345970),
(291, 295, '2017-01-06', 55, 1701, '3600.00', 5345971),
(292, 296, '2017-01-06', 0, 1701, '0.00', 0),
(293, 297, '2017-01-06', 0, 1701, '0.00', 0),
(294, 298, '2017-01-06', 58, 1701, '3600.00', 5345972),
(295, 299, '2017-01-09', 47, 1701, '505.70', 1269306),
(296, 300, '2017-01-12', 87, 1701, '700.00', 4673973),
(297, 292, '2017-01-06', 0, 1701, '0.00', 0),
(298, 301, '2017-01-17', 0, 1701, '0.00', 0),
(299, 302, '2017-01-17', 48, 1701, '1125.00', 9804842),
(300, 303, '2017-01-17', 0, 1701, '0.00', 0),
(301, 304, '2017-01-17', 85, 1701, '100.00', 1269299),
(302, 305, '2017-01-17', 51, 1701, '580.00', 981401),
(303, 306, '2017-01-17', 0, 1701, '0.00', 0),
(304, 307, '2017-01-23', 31, 1701, '3995.00', 7430586),
(305, 308, '2017-01-23', 49, 1701, '195.00', 1269298),
(306, 309, '2017-01-24', 1, 1701, '10.00', 1269299),
(307, 310, '2017-01-30', 0, 1701, '0.00', 0),
(308, 312, '2017-01-30', 53, 1612, '580.00', 6853049),
(309, 313, '2017-01-30', 53, 1701, '580.00', 6853049),
(310, 314, '2017-01-31', 54, 1701, '480.00', 8607067),
(311, 315, '2017-01-31', 29, 1701, '580.00', 21617794),
(312, 332, '2017-02-09', 29, 1702, '605.00', 1269302),
(313, 331, '2017-02-09', 28, 1702, '1269.70', 9780749),
(314, 330, '2017-02-09', 53, 1702, '580.00', 6853049),
(315, 326, '2017-02-03', 38, 1701, '878.25', 8607067),
(316, 317, '2017-02-03', 2, 1702, '580.00', 8607066),
(317, 318, '2017-02-03', 21, 1702, '505.70', 3880602),
(318, 319, '2017-02-03', 52, 1702, '580.00', 7921662),
(319, 320, '2017-02-03', 24, 1702, '580.00', 22038066),
(320, 321, '2017-02-10', 25, 1702, '580.00', 22094049),
(321, 322, '2017-02-03', 26, 1702, '580.00', 21871393),
(322, 323, '2017-02-03', 51, 1702, '580.00', 3492063),
(323, 324, '2017-02-03', 47, 1702, '505.70', 1269306),
(324, 325, '2017-02-03', 27, 1702, '195.00', 9780749),
(325, 327, '2017-02-08', 0, 1702, '0.00', 0),
(326, 279, '2017-01-31', 0, 1701, '0.00', 0),
(327, 328, '2017-02-07', 45, 1702, '490.00', 8607069),
(328, 329, '2017-02-07', 85, 1702, '50.00', 1269299),
(329, 334, '2017-02-24', 0, 1702, '0.00', 0),
(330, 316, '2017-02-03', 0, 1702, '0.00', 0),
(331, 333, '2017-02-15', 91, 1702, '2000.00', 6670845),
(332, 337, '2017-02-28', 89, 1702, '1500.00', 7510232),
(333, 338, '2017-02-28', 90, 1702, '1100.00', 7782092),
(334, 339, '2017-02-28', 54, 1702, '480.00', 6279593),
(335, 251, '2016-11-29', 0, 1611, '0.00', 0),
(336, 252, '2016-11-29', 0, 1611, '0.00', 0),
(337, 311, '2017-01-30', 53, 1701, '580.00', 8801207),
(338, 342, '2017-03-01', 2, 1703, '580.00', 7819871),
(339, 343, '2017-03-01', 21, 1703, '505.70', 78089),
(340, 344, '2017-03-01', 52, 1703, '580.00', 5700271),
(341, 345, '2017-03-01', 24, 1703, '580.00', 22038067),
(342, 347, '2017-03-01', 26, 1703, '580.00', 21871393),
(343, 348, '2017-03-01', 51, 1703, '580.00', 4260140),
(344, 349, '2017-03-01', 47, 1703, '505.70', 7921665),
(345, 350, '2017-03-01', 27, 1703, '195.00', 710210),
(346, 351, '2017-03-01', 28, 1703, '1368.30', 710210),
(347, 352, '2017-03-03', 53, 1703, '605.00', 5722841),
(348, 353, '2017-03-01', 0, 1703, '0.00', 0),
(349, 356, '2017-03-16', 0, 1703, '0.00', 0),
(350, 357, '2017-03-16', 0, 1703, '0.00', 0),
(351, 358, '2017-03-16', 0, 1703, '0.00', 0),
(352, 335, '2017-02-24', 35, 1701, '1118.40', 89),
(353, 336, '2017-02-24', 35, 1702, '982.40', 89),
(354, 346, '2017-03-01', 25, 1703, '580.00', 22094050),
(355, 355, '2017-03-13', 38, 1702, '402.50', 9243939),
(356, 360, '2017-03-23', 0, 1703, '0.00', 0),
(357, 361, '2017-03-23', 0, 1703, '0.00', 0),
(358, 363, '2017-03-28', 92, 1702, '1500.00', 8919807),
(359, 364, '2017-03-28', 92, 1703, '1500.00', 3012345),
(360, 365, '2017-03-30', 89, 1703, '1500.00', 3804958),
(361, 367, '2017-03-30', 90, 1703, '2100.00', 3012344),
(362, 368, '2017-03-30', 90, 1703, '500.00', 1269303),
(363, 354, '2017-03-13', 38, 1703, '504.55', 6810537),
(364, 366, '2017-03-30', 89, 1704, '1500.00', 3804958),
(365, 362, '2017-03-23', 93, 1703, '1275.00', 6279594),
(366, 369, '2017-03-30', 54, 1703, '480.00', 1111243),
(367, 370, '2017-03-30', 0, 1703, '0.00', 0),
(368, 380, '2017-04-04', 92, 1704, '1500.00', 7921667),
(369, 388, '2017-04-10', 2, 1704, '580.00', 7921662),
(370, 384, '2017-04-04', 90, 1704, '2100.00', 1269305),
(371, 372, '2017-04-04', 0, 1704, '0.00', 0),
(372, 374, '2017-04-04', 0, 1704, '0.00', 0),
(373, 373, '2017-04-04', 21, 1704, '505.70', 3579450),
(374, 375, '2017-04-04', 52, 1704, '580.00', 5345973),
(375, 376, '2017-04-04', 24, 1704, '580.00', 22180453),
(376, 377, '2017-04-04', 0, 1704, '0.00', 0),
(377, 378, '2017-04-04', 0, 1704, '0.00', 0),
(378, 379, '2017-04-04', 26, 1704, '580.00', 21941835),
(379, 381, '2017-04-04', 47, 1704, '505.70', 7921665),
(380, 382, '2017-04-04', 0, 1704, '0.00', 0),
(381, 383, '2017-04-04', 0, 1704, '0.00', 0),
(382, 385, '2017-04-04', 25, 1704, '580.00', 22094051),
(383, 386, '2017-04-04', 48, 1704, '1125.00', 9215792),
(384, 387, '2017-04-04', 0, 1704, '0.00', 0),
(385, 389, '2017-04-17', 87, 1703, '700.00', 4854523),
(386, 391, '2017-04-18', 49, 1702, '390.00', 5700270),
(387, 390, '2017-04-17', 90, 1704, '500.00', 1269304),
(388, 392, '2017-04-19', 0, 1704, '0.00', 0),
(389, 393, '2017-04-19', 35, 1703, '1008.12', 105),
(390, 394, '2017-04-19', 35, 1704, '915.64', 105),
(391, 359, '2017-03-16', 94, 1703, '1125.00', 91049330),
(392, 397, '2017-05-02', 2, 1705, '580.00', 7921664),
(393, 398, '2017-05-02', 0, 1705, '0.00', 0),
(394, 395, '2017-04-30', 29, 1703, '555.00', 21757159),
(395, 396, '2017-04-30', 54, 1704, '480.00', 1111243),
(396, 399, '2017-05-12', 26, 1705, '580.00', 21941835),
(397, 400, '2017-05-12', 25, 1705, '580.00', 22094052),
(398, 401, '2017-05-12', 0, 1705, '0.00', 0),
(399, 402, '2017-05-12', 0, 1705, '0.00', 0),
(400, 403, '2017-05-12', 52, 1705, '580.00', 6960357),
(401, 404, '2017-05-12', 24, 1705, '580.00', 22345429),
(402, 406, '2017-05-16', 0, 1705, '0.00', 0),
(403, 0, '2017-03-25', 88, 1702, '0.00', 220592),
(404, 0, '2017-04-05', 88, 1703, '0.00', 7430587),
(405, 0, '2017-02-01', 88, 1704, '0.00', 211078),
(406, 408, '2017-05-23', 95, 1705, '1000.00', 2802836),
(407, 405, '2017-05-24', 0, 1705, '0.00', 0),
(408, 407, '2017-05-17', 96, 1705, '2200.00', 6870844),
(409, 409, '2017-05-24', 28, 1704, '1461.30', 6534223),
(410, 410, '2017-05-25', 63, 1705, '60.00', 3673197),
(411, 411, '2017-05-25', 47, 1705, '505.70', 7921665),
(412, 412, '2017-05-26', 28, 1705, '1080.00', 9243935),
(413, 413, '2017-05-26', 0, 1705, '0.00', 0),
(414, 414, '2017-05-26', 0, 1705, '0.00', 0),
(415, 415, '2017-05-30', 87, 1705, '700.00', 7378953),
(416, 416, '2017-05-30', 29, 1704, '730.00', 21838521),
(417, 417, '2017-05-30', 53, 1704, '680.00', 4283602),
(418, 418, '2017-05-31', 0, 1705, '0.00', 0),
(419, 419, '2017-05-31', 0, 1705, '0.00', 0),
(420, 420, '2017-05-31', 0, 1705, '0.00', 0),
(421, 421, '2017-05-31', 0, 1705, '0.00', 0),
(422, 422, '2017-05-31', 21, 1705, '505.70', 3498389),
(423, 423, '2017-05-31', 90, 1705, '2100.00', 1484411),
(424, 424, '2017-05-31', 0, 1705, '0.00', 0),
(425, 426, '2017-05-31', 0, 1705, '0.00', 0),
(426, 427, '2017-05-31', 92, 1705, '1500.00', 2605915),
(427, 434, '2017-06-05', 2, 1706, '580.00', 6710001),
(428, 435, '2017-06-05', 28, 1706, '1296.00', 8118866),
(429, 436, '2017-06-05', 52, 1706, '580.00', 8118867),
(430, 437, '2017-06-05', 0, 1706, '0.00', 0),
(431, 438, '2017-06-05', 25, 1706, '580.00', 22094053),
(432, 439, '2017-06-05', 26, 1706, '580.00', 22249048),
(433, 432, '2017-06-05', 21, 1706, '505.70', 1243990),
(434, 433, '2017-06-05', 38, 1704, '176.05', 6810537),
(435, 0, '2017-04-25', 51, 1704, '580.00', 3433236),
(436, 425, '2017-05-31', 54, 1705, '480.00', 6810538),
(437, 440, '2017-06-12', 24, 1706, '580.00', 22386959),
(438, 428, '2017-06-01', 49, 1703, '195.00', 6131368),
(439, 429, '2017-06-01', 49, 1704, '195.00', 6131368),
(440, 444, '2017-06-29', 54, 1706, '480.00', 5232410),
(441, 447, '2019-07-05', 0, 1707, '0.00', 0),
(442, 448, '2020-07-06', 0, 1707, '580.00', 0),
(443, 449, '2020-07-06', 0, 1707, '580.00', 0),
(444, 450, '2020-07-06', 0, 1707, '0.00', 0),
(445, 431, '2017-06-01', 92, 1705, '1700.00', 6877461),
(446, 441, '2017-06-30', 0, 1706, '0.00', 0),
(447, 442, '2017-06-30', 0, 1706, '0.00', 0),
(448, 430, '2017-06-01', 89, 1705, '1500.00', 998655),
(449, 443, '2017-06-29', 88, 1706, '70.00', 0),
(450, 455, '2017-07-10', 0, 1707, '0.00', 0),
(451, 456, '2017-07-10', 0, 1707, '0.00', 0),
(452, 457, '2017-07-10', 0, 1707, '0.00', 0),
(453, 458, '2017-07-10', 0, 1707, '0.00', 0),
(454, 459, '2017-07-10', 0, 1707, '0.00', 0),
(455, 446, '2017-07-04', 21, 1707, '505.70', 3590504),
(456, 451, '2017-07-06', 52, 1707, '580.00', 9231469),
(457, 452, '2017-07-06', 25, 1707, '580.00', 22094054),
(458, 453, '2017-07-06', 26, 1707, '580.00', 22360303),
(459, 454, '2017-07-06', 24, 1707, '580.00', 22578361),
(460, 340, '2017-02-28', 0, 1703, '0.00', 0),
(461, 341, '2017-02-28', 0, 1703, '0.00', 0),
(462, 371, '2018-03-31', 0, 1704, '0.00', 0),
(463, 460, '2017-07-10', 35, 1705, '420.00', 121),
(464, 461, '2017-07-10', 35, 1706, '720.00', 121),
(465, 462, '2017-07-10', 2, 1707, '580.00', 5518133),
(466, 465, '2017-07-13', 29, 1705, '530.00', 21982155),
(467, 466, '2017-07-13', 29, 1706, '580.00', 21982155),
(468, 467, '2017-07-13', 29, 1707, '555.00', 21982155),
(469, 464, '2017-07-12', 48, 1707, '1125.00', 6877462),
(470, 463, '2017-07-12', 28, 1707, '1276.30', 7123900),
(471, 468, '2017-07-14', 87, 1707, '700.00', 7719488),
(472, 469, '2017-07-19', 0, 1707, '0.00', 0),
(473, 470, '2017-07-19', 0, 1707, '0.00', 0),
(474, 471, '2017-07-19', 89, 1706, '1500.00', 1934817),
(475, 0, '2017-07-07', 72, 1706, '125.00', 5519556),
(476, 0, '2017-07-07', 72, 1705, '175.00', 5519556),
(477, 0, '2017-07-07', 72, 1704, '200.00', 5519556),
(478, 0, '2017-07-07', 72, 1703, '275.00', 5519556),
(479, 0, '2017-07-07', 72, 1701, '325.00', 5519556),
(480, 0, '2017-05-23', 51, 1705, '580.00', 4260787),
(481, 472, '2017-07-26', 47, 1706, '505.70', 171787),
(482, 473, '2017-07-26', 47, 1707, '505.70', 171787),
(483, 474, '2017-07-26', 53, 1705, '630.00', 8242103),
(484, 475, '2017-07-26', 53, 1706, '580.00', 8242103),
(485, 476, '2017-07-26', 53, 1707, '580.00', 8242103),
(486, 477, '2017-07-27', 0, 1707, '0.00', 0),
(487, 478, '2017-07-27', 93, 1707, '1275.00', 7177948),
(488, 479, '2017-08-01', 0, 1707, '0.00', 0),
(489, 480, '2017-07-31', 54, 1707, '480.00', 423562),
(490, 484, '2017-08-02', 2, 1708, '580.00', 8242102),
(491, 486, '2017-08-02', 24, 1708, '580.00', 22637708),
(492, 487, '2017-08-03', 26, 1708, '580.00', 22360303),
(493, 488, '2017-08-03', 25, 1708, '580.00', 22866795),
(494, 489, '2017-08-03', 52, 1708, '580.00', 4895946),
(495, 490, '2017-08-03', 21, 1708, '505.70', 8471523),
(496, 491, '2017-08-03', 28, 1708, '1234.10', 3140276),
(497, 492, '2017-08-03', 49, 1705, '195.00', 498857),
(498, 493, '2017-08-03', 49, 1706, '195.00', 498857),
(499, 494, '2017-08-03', 0, 1707, '0.00', 0),
(500, 495, '2017-08-03', 0, 1708, '0.00', 0),
(501, 496, '2017-08-03', 0, 1708, '0.00', 0),
(502, 497, '2017-08-07', 94, 1706, '375.00', 331787),
(503, 498, '2017-08-07', 94, 1707, '375.00', 331787),
(504, 499, '2017-08-07', 94, 1708, '375.00', 331787),
(505, 445, '2017-07-04', 0, 1707, '0.00', 0),
(506, 481, '2017-07-31', 0, 1707, '0.00', 0),
(507, 482, '2017-07-31', 0, 1707, '0.00', 0),
(508, 483, '2017-08-01', 0, 1708, '0.00', 0),
(509, 485, '2017-08-02', 1, 1708, '30.00', 123),
(510, 500, '2017-08-09', 35, 1707, '990.00', 127),
(511, 501, '2017-08-09', 35, 1708, '905.00', 127),
(512, 503, '2017-08-17', 62, 1708, '450.00', 7123899),
(513, 502, '2017-08-14', 97, 1708, '1750.00', 8426480),
(514, 504, '2017-08-23', 98, 1708, '4250.00', 7123896),
(515, 505, '2017-08-31', 0, 1708, '0.00', 0),
(516, 507, '2017-08-31', 47, 1708, '505.70', 171787),
(517, 506, '2017-08-31', 54, 1708, '480.00', 889988),
(518, 508, '2017-09-01', 0, 1709, '0.00', 0),
(519, 509, '2017-09-01', 52, 1709, '580.00', 962986),
(520, 512, '2017-09-04', 21, 1709, '505.70', 9493789),
(521, 513, '2017-09-05', 0, 1709, '0.00', 0),
(522, 514, '2017-09-05', 26, 1709, '580.00', 22656694),
(523, 515, '2017-09-05', 25, 1709, '580.00', 22866796),
(524, 516, '2017-09-05', 24, 1709, '580.00', 22666465),
(525, 517, '2017-09-05', 47, 1709, '505.70', 971771),
(526, 519, '2017-09-06', 0, 1709, '0.00', 0),
(527, 520, '2017-09-06', 81, 1709, '5800.00', 1252316),
(528, 521, '2017-09-14', 35, 1709, '695.00', 138),
(529, 518, '2017-09-05', 28, 1709, '1361.25', 1394298),
(530, 511, '2017-09-04', 2, 1709, '580.00', 331786),
(531, 510, '2017-09-01', 94, 1709, '375.00', 91237445),
(532, 522, '2017-09-21', 49, 1707, '195.00', 2517702),
(533, 523, '2017-09-21', 49, 1708, '195.00', 2517702),
(534, 524, '2017-09-26', 87, 1709, '700.00', 7710312),
(535, 526, '2017-09-29', 54, 1709, '480.00', 889989),
(536, 530, '2017-10-04', 26, 1710, '580.00', 22656694),
(537, 531, '2017-10-04', 24, 1710, '580.00', 22985291),
(538, 532, '2017-10-04', 25, 1710, '580.00', 22866797),
(539, 533, '2017-10-04', 52, 1710, '580.00', 2401128),
(540, 527, '2017-10-03', 2, 1710, '580.00', 5050333),
(541, 528, '2017-10-04', 21, 1710, '505.70', 5050338),
(542, 529, '2017-10-04', 94, 1710, '375.00', 91270210),
(543, 534, '2017-10-04', 0, 1710, '0.00', 0),
(544, 536, '2017-10-05', 47, 1710, '505.70', 971771),
(545, 525, '2017-09-26', 0, 1710, '0.00', 0),
(546, 537, '2017-10-09', 48, 1710, '1125.00', 7901258),
(547, 535, '2017-10-05', 99, 1710, '1000.00', 5050334),
(548, 538, '2017-10-13', 28, 1710, '1472.55', 971770),
(549, 539, '2017-10-13', 38, 1710, '426.90', 889989),
(550, 540, '2017-10-13', 0, 1710, '0.00', 0),
(551, 541, '2017-10-25', 89, 1708, '1500.00', 889987),
(552, 546, '2017-10-30', 0, 1710, '0.00', 0),
(553, 547, '2017-10-30', 29, 1708, '580.00', 22316507),
(554, 548, '2017-10-30', 29, 1709, '630.00', 22316507),
(555, 549, '2017-10-30', 29, 1710, '605.00', 22316507),
(556, 552, '2017-10-30', 0, 1710, '0.00', 0),
(557, 553, '2017-10-30', 35, 1710, '715.00', 60492789),
(558, 554, '2017-10-30', 91, 1709, '453.00', 40600767),
(559, 555, '2017-10-30', 0, 1710, '0.00', 0),
(560, 556, '2017-10-30', 0, 1710, '0.00', 0),
(561, 557, '2017-11-02', 0, 1711, '580.00', 0),
(562, 558, '2017-11-02', 94, 1711, '375.00', 91303311),
(563, 559, '2017-10-30', 0, 1710, '0.00', 0),
(564, 560, '2017-10-30', 0, 1710, '0.00', 0),
(565, 561, '2017-11-03', 21, 1711, '505.70', 1802657),
(566, 562, '2017-11-06', 52, 1711, '580.00', 2401129),
(567, 563, '2017-11-06', 25, 1711, '580.00', 22866798),
(568, 564, '2017-11-06', 26, 1711, '580.00', 22656694),
(569, 565, '2017-11-06', 24, 1711, '580.00', 22985292),
(570, 566, '2017-11-06', 47, 1711, '505.70', 4465854),
(571, 542, '2017-10-30', 53, 1708, '580.00', 5669573),
(572, 543, '2017-10-30', 53, 1709, '605.00', 5669573),
(573, 544, '2017-10-30', 53, 1710, '605.00', 5669573),
(574, 545, '2017-10-30', 53, 1712, '1235.00', 5669573),
(575, 551, '2017-10-30', 54, 1710, '480.00', 510636),
(576, 550, '2017-10-30', 100, 1711, '2700.00', 6897785),
(577, 567, '2017-11-14', 28, 1711, '1606.05', 2756051),
(578, 568, '2017-11-22', 87, 1711, '700.00', 2261895),
(579, 570, '2017-11-30', 2, 1711, '580.00', 5050337),
(580, 574, '2017-12-20', 21, 1712, '505.70', 1588472),
(581, 575, '2017-12-20', 0, 1711, '580.00', 0),
(582, 576, '2017-12-04', 0, 1711, '375.00', 0),
(583, 577, '2017-12-04', 0, 1711, '580.00', 0),
(584, 578, '2017-12-04', 0, 1711, '580.00', 0),
(585, 579, '2017-12-04', 0, 1711, '580.00', 0),
(586, 580, '2017-12-04', 47, 1712, '505.70', 4465854),
(587, 582, '2017-12-04', 0, 1712, '1651.65', 0),
(588, 583, '2017-12-05', 2, 1712, '580.00', 1681270),
(589, 569, '2017-12-04', 0, 1712, '0.00', 0),
(590, 584, '2017-12-05', 24, 1712, '580.00', 23149018),
(591, 585, '2017-12-05', 94, 1712, '375.00', 91360274),
(592, 587, '2017-12-05', 26, 1712, '580.00', 22800487),
(593, 588, '2017-12-05', 25, 1712, '580.00', 22866799),
(594, 589, '2017-12-05', 28, 1712, '1651.65', 3045739),
(595, 590, '2017-12-13', 38, 1712, '310.45', 2517701),
(596, 605, '2018-01-15', 100, 1801, '2700.00', 2212743),
(597, 571, '2017-11-30', 54, 1711, '480.00', 2756052),
(598, 572, '2017-11-30', 0, 1712, '0.00', 0),
(599, 573, '2017-12-04', 0, 1712, '580.00', 0),
(600, 581, '2017-12-04', 100, 1712, '2700.00', 2257019),
(601, 592, '2017-12-29', 54, 1712, '480.00', 1055639),
(602, 596, '2018-01-02', 94, 1801, '375.00', 91409162),
(603, 597, '2018-01-02', 2, 1801, '580.00', 3045738),
(604, 598, '2018-01-02', 21, 1801, '505.70', 3045740),
(605, 599, '2018-01-02', 0, 1801, '0.00', 0),
(606, 600, '2018-01-03', 0, 1801, '0.00', 0),
(607, 601, '2018-01-10', 0, 1801, '0.00', 0),
(608, 602, '2018-01-10', 52, 1801, '580.00', 5493055),
(609, 604, '2018-01-15', 93, 1711, '1275.00', 2338686),
(610, 609, '2018-01-15', 47, 1801, '505.70', 4465854),
(611, 610, '2018-01-16', 87, 1801, '700.00', 3047793),
(612, 603, '2018-01-15', 28, 1801, '1080.00', 5810478),
(613, 606, '2018-01-15', 25, 1801, '580.00', 22866800),
(614, 607, '2018-01-15', 26, 1801, '580.00', 22800488),
(615, 608, '2018-01-15', 24, 1801, '580.00', 23454182),
(616, 593, '2018-01-02', 29, 1711, '605.00', 22617629),
(617, 594, '2018-01-02', 29, 1712, '680.00', 22617629),
(618, 595, '2018-01-02', 29, 1801, '680.00', 22617629),
(619, 612, '2018-01-24', 0, 1801, '580.00', 0),
(620, 614, '2018-01-24', 54, 1801, '480.00', 4535701),
(621, 615, '2018-01-24', 99, 1801, '1000.00', 3184913),
(622, 616, '2018-01-24', 0, 1801, '0.00', 0),
(623, 591, '2017-12-29', 52, 1712, '580.00', 3047795),
(624, 611, '2018-01-24', 101, 1712, '580.00', 2257020),
(625, 613, '2018-01-24', 101, 1801, '580.00', 1025483),
(626, 617, '2018-01-24', 102, 1801, '1000.00', 3674024),
(627, 620, '2018-01-30', 48, 1801, '1125.00', 3047794),
(628, 623, '2018-02-02', 52, 1802, '580.00', 7637331),
(629, 624, '2018-02-02', 94, 1802, '375.00', 91448829),
(630, 625, '2018-02-05', 100, 1802, '2700.00', 4330805),
(631, 626, '2018-02-05', 24, 1802, '580.00', 23454183),
(632, 627, '2018-02-05', 25, 1802, '580.00', 22866801),
(633, 628, '2018-02-05', 0, 1802, '0.00', 0),
(634, 629, '2018-02-05', 26, 1802, '580.00', 23000808),
(635, 630, '2018-02-05', 47, 1802, '505.70', 4465854),
(636, 631, '2018-02-05', 2, 1802, '580.00', 114),
(637, 632, '2018-02-06', 103, 1802, '1000.00', 1029224),
(638, 633, '2018-02-07', 21, 1802, '505.70', 1029225),
(639, 621, '2018-02-02', 0, 1802, '0.00', 0),
(640, 637, '2018-02-13', 105, 1802, '1000.00', 4535701),
(641, 639, '2018-02-20', 97, 1802, '1750.00', 50601633),
(642, 643, '2018-02-26', 0, 1802, '0.00', 0),
(643, 644, '2018-02-26', 35, 1802, '395.00', 62731515),
(644, 638, '2018-02-16', 104, 1802, '1000.00', 38),
(645, 647, '2018-03-02', 21, 1803, '505.70', 5372515),
(646, 648, '2018-03-02', 2, 1803, '580.00', 114),
(647, 654, '2018-03-05', 29, 1802, '580.00', 22842431),
(648, 653, '2018-03-02', 47, 1803, '505.70', 4465854),
(649, 634, '2018-02-13', 0, 1802, '0.00', 0),
(650, 635, '2018-02-13', 0, 1802, '0.00', 0),
(651, 640, '2018-02-20', 0, 1802, '0.00', 0),
(652, 642, '2018-02-21', 28, 1802, '1261.50', 6824786),
(653, 646, '2018-03-02', 94, 1803, '375.00', 91489760),
(654, 649, '2018-03-02', 52, 1803, '580.00', 9188328),
(655, 650, '2018-03-02', 26, 1803, '580.00', 23037931),
(656, 651, '2018-03-02', 25, 1803, '580.00', 22866802),
(657, 652, '2018-03-02', 24, 1803, '580.00', 23454184),
(658, 655, '2018-03-05', 100, 1803, '2700.00', 5571986),
(659, 586, '2017-12-05', 0, 1712, '0.00', 0),
(660, 636, '2018-02-13', 106, 1802, '2891.65', 4535701),
(661, 641, '2018-02-20', 106, 1802, '409.80', 5493055),
(662, 618, '2018-01-30', 35, 1712, '745.00', 61725904),
(663, 619, '2018-01-30', 35, 1711, '1280.00', 60900980),
(664, 622, '2018-02-02', 35, 1801, '870.00', 62558174),
(665, 656, '2018-03-10', 0, 1802, '3605.00', 0),
(666, 657, '2018-03-12', 53, 1803, '1765.00', 5378054),
(667, 659, '2018-03-19', 87, 1803, '700.00', 5316169),
(668, 660, '2018-03-20', 38, 1802, '263.90', 0),
(669, 661, '2018-03-22', 94, 1803, '375.00', 91539574),
(670, 658, '2018-03-14', 28, 1803, '1087.50', 9184467),
(671, 645, '2018-03-27', 0, 1803, '0.00', 0),
(672, 664, '2018-04-02', 0, 1803, '580.00', 0),
(673, 665, '2018-04-02', 21, 1804, '505.70', 2712353),
(674, 666, '2018-04-04', 100, 1804, '2700.00', 8145342),
(675, 667, '2018-04-04', 47, 1804, '505.70', 0),
(676, 668, '2018-04-04', 0, 1804, '580.00', 0),
(677, 669, '2018-04-04', 25, 1804, '580.00', 22866803),
(678, 670, '2018-04-04', 26, 1804, '580.00', 23127283),
(679, 671, '2018-04-11', 24, 1804, '580.00', 23903395),
(680, 672, '2018-04-12', 2, 1804, '580.00', 114),
(681, 673, '2018-04-19', 0, 1704, '0.00', 0),
(682, 674, '2018-04-19', 62, 1804, '300.00', 0),
(683, 675, '2018-04-20', 48, 1804, '1125.00', 9188328),
(684, 676, '2018-04-20', 28, 1804, '1080.00', 9184467),
(685, 663, '2018-04-02', 52, 1804, '580.00', 10677426),
(686, 677, '2018-05-02', 0, 1805, '0.00', 0),
(687, 678, '2018-05-02', 0, 1805, '0.00', 0),
(688, 680, '2018-05-04', 0, 1805, '0.00', 0),
(689, 682, '2018-05-04', 0, 1805, '0.00', 0),
(690, 683, '2018-05-04', 94, 1805, '375.00', 91587584),
(691, 684, '2018-05-04', 0, 1805, '0.00', 0),
(692, 685, '2018-05-04', 26, 1805, '580.00', 23329802),
(693, 686, '2018-05-04', 0, 1805, '0.00', 0),
(694, 688, '2018-05-04', 24, 1805, '580.00', 23903396),
(695, 689, '2018-05-04', 47, 1805, '505.70', 0),
(696, 687, '2018-05-04', 25, 1805, '580.00', 22978799),
(697, 690, '2018-05-04', 0, 1805, '0.00', 0),
(698, 693, '2018-05-07', 28, 1805, '1223.70', 10677427),
(699, 696, '2018-05-17', 38, 1805, '838.95', 10677427),
(700, 697, '2018-05-17', 35, 1805, '285.00', 64393161),
(701, 679, '2018-05-03', 1, 1805, '1000.00', 0),
(702, 681, '2018-05-04', 100, 1805, '2700.00', 20),
(703, 691, '2018-05-04', 2, 1805, '580.00', 482),
(704, 692, '2018-05-04', 21, 1805, '505.70', 9070192),
(705, 694, '2018-05-07', 1, 1805, '75.00', 0),
(706, 699, '2018-05-30', 62, 1805, '300.00', 0),
(707, 700, '2018-05-30', 87, 1805, '700.00', 11425553),
(708, 701, '2018-05-30', 63, 1804, '400.00', 5762916),
(709, 702, '2018-05-30', 63, 1805, '70.00', 0),
(710, 703, '2018-05-30', 99, 1804, '1000.00', 50607540),
(711, 704, '2018-05-30', 0, 1805, '0.00', 0),
(712, 707, '2018-05-30', 104, 1805, '1000.00', 50602218),
(713, 662, '2018-04-02', 0, 1804, '0.00', 0),
(714, 695, '2018-05-17', 52, 1805, '580.00', 6690685),
(715, 708, '2018-05-30', 103, 1805, '1048.30', 40600785),
(716, 709, '2018-05-31', 0, 1805, '0.00', 0),
(717, 711, '2018-06-01', 0, 1806, '0.00', 0),
(718, 715, '2018-06-04', 0, 1806, '0.00', 0),
(719, 717, '2018-06-05', 2, 1806, '580.00', 336),
(720, 718, '2018-06-05', 52, 1806, '580.00', 12936677),
(721, 719, '2018-06-05', 26, 1806, '580.00', 23382227),
(722, 720, '2018-06-05', 25, 1806, '580.00', 23111654),
(723, 721, '2018-06-05', 24, 1806, '580.00', 23903397),
(724, 723, '2018-06-05', 94, 1806, '375.00', 91629712),
(725, 724, '2018-06-05', 100, 1806, '2700.00', 21),
(726, 725, '2018-06-05', 0, 1806, '0.00', 0),
(727, 726, '2018-06-05', 28, 1805, '1080.00', 6690685),
(728, 698, '2018-05-17', 108, 1805, '2000.00', 6575632),
(729, 705, '2018-05-30', 109, 1805, '1000.00', 10180901),
(730, 706, '2018-05-30', 109, 1805, '227.50', 11231393),
(731, 710, '2018-05-31', 109, 1805, '192.50', 9861253),
(732, 713, '2018-06-04', 109, 1804, '70.00', 0),
(733, 714, '2018-06-04', 109, 1806, '157.50', 9860424),
(734, 716, '2018-06-05', 21, 1806, '505.70', 6644975),
(735, 722, '2018-06-05', 47, 1806, '505.70', 0),
(736, 727, '2018-07-03', 0, 1807, '0.00', 0),
(737, 728, '2018-07-03', 0, 1807, '580.00', 0),
(738, 729, '2018-07-03', 2, 1807, '580.00', 10107175),
(739, 730, '2018-07-03', 21, 1807, '505.70', 11550447),
(740, 731, '2018-07-05', 26, 1807, '580.00', 23611254),
(741, 732, '2018-07-05', 25, 1807, '580.00', 23229919),
(742, 733, '2018-07-05', 47, 1807, '505.70', 0),
(743, 734, '2018-07-05', 94, 1807, '375.00', 91669386),
(744, 735, '2018-07-05', 100, 1807, '2700.00', 22),
(745, 736, '2018-07-06', 0, 1807, '0.00', 0),
(746, 737, '2018-07-11', 0, 1807, '960.00', 0),
(747, 738, '2018-07-11', 24, 1807, '580.00', 24004337),
(748, 739, '2018-07-11', 53, 1807, '2507.50', 50607002),
(749, 740, '2018-07-17', 0, 1807, '0.00', 0),
(750, 741, '2018-07-17', 52, 1807, '580.00', 12936677),
(751, 742, '2018-07-24', 0, 1807, '0.00', 0),
(752, 743, '2018-07-24', 87, 1807, '700.00', 7718493),
(753, 744, '2018-07-24', 28, 1807, '850.00', 12691986),
(754, 745, '2018-07-31', 29, 1807, '2520.00', 23502597),
(755, 746, '2018-08-01', 24, 1808, '580.00', 24324386),
(756, 747, '2018-08-01', 26, 1808, '580.00', 23691731),
(757, 748, '2018-08-01', 0, 1808, '0.00', 0),
(758, 749, '2018-08-01', 52, 1808, '580.00', 14412033),
(759, 750, '2018-08-01', 94, 1808, '375.00', 91709277),
(760, 751, '2018-08-02', 2, 1808, '580.00', 15070993),
(761, 752, '2018-08-02', 0, 1808, '0.00', 0),
(762, 753, '2018-08-03', 0, 1808, '0.00', 0),
(763, 754, '2018-08-03', 21, 1808, '505.70', 2288809),
(764, 755, '2018-08-07', 109, 1808, '2196.00', 0),
(765, 756, '2018-08-14', 110, 1808, '1000.00', 12938893),
(766, 757, '2018-08-14', 103, 1808, '1069.60', 40600948),
(767, 758, '2018-08-14', 25, 1808, '580.00', 23418477),
(768, 759, '2018-08-14', 47, 1808, '505.70', 0),
(769, 760, '2018-08-14', 100, 1808, '2700.00', 15070992),
(770, 761, '2018-08-16', 81, 1808, '5800.00', 12691985),
(771, 762, '2018-08-16', 28, 1808, '932.50', 14525471),
(772, 763, '2018-08-16', 48, 1807, '1125.00', 13032543),
(773, 712, '2018-06-04', 109, 1806, '50.00', 0),
(774, 764, '2018-08-31', 0, 1808, '0.00', 0),
(775, 765, '2018-09-03', 100, 1809, '2700.00', 23),
(776, 766, '2018-09-03', 0, 1808, '580.00', 0),
(777, 767, '2018-09-03', 21, 1809, '505.70', 12448405),
(778, 768, '2018-09-03', 2, 1809, '580.00', 504),
(779, 769, '2018-09-03', 94, 1809, '375.00', 91746457),
(780, 855, '2019-01-03', 0, 0, '0.00', 0),
(781, 856, '2019-01-03', 87, 1901, '700.00', 26),
(782, 858, '2019-01-03', 2, 1901, '580.00', 527),
(783, 859, '2019-01-03', 21, 1901, '505.70', 17441296),
(784, 860, '2019-01-03', 0, 0, '0.00', 0),
(785, 862, '2019-01-03', 94, 1901, '375.00', 18814133),
(786, 863, '2019-01-03', 47, 1901, '505.70', 0),
(787, 865, '2019-01-03', 24, 1901, '580.00', 25095892),
(788, 866, '2019-01-03', 26, 1901, '580.00', 24665974),
(789, 867, '2019-01-03', 25, 1901, '580.00', 24539671),
(790, 868, '2019-01-03', 100, 1901, '2700.00', 32),
(791, 857, '2019-01-03', 48, 1901, '1125.00', 17013079),
(792, 861, '2019-01-03', 28, 1812, '850.00', 20089789),
(793, 864, '2019-01-03', 52, 1901, '580.00', 15705563),
(794, 851, '2018-12-28', 29, 1810, '3092.50', 24180015),
(795, 850, '2018-12-28', 53, 1912, '2947.50', 50606121),
(796, 849, '2018-12-18', 97, 1808, '1750.00', 50605393),
(797, 848, '2018-12-18', 109, 1811, '2156.00', 17000605),
(798, 847, '2018-12-18', 110, 1811, '1000.00', 0),
(799, 846, '2018-12-18', 100, 1812, '2700.00', 30),
(800, 845, '2018-12-18', 25, 1812, '580.00', 23903398),
(801, 844, '2018-12-18', 26, 1812, '580.00', 24610155),
(802, 843, '2018-12-18', 24, 1812, '580.00', 24937908),
(803, 842, '2018-12-18', 52, 1812, '580.00', 20089790),
(804, 841, '2018-12-18', 47, 1812, '505.70', 0),
(805, 840, '2018-12-18', 94, 1812, '375.00', 91877346),
(806, 839, '0000-00-00', 0, 0, '0.00', 0),
(807, 838, '0000-00-00', 0, 0, '0.00', 0),
(808, 837, '2018-12-14', 28, 1811, '1300.00', 17013078),
(809, 836, '2018-12-05', 2, 1812, '580.00', 714),
(810, 835, '2018-12-03', 21, 1812, '505.70', 15264173),
(811, 834, '0000-00-00', 0, 0, '0.00', 0),
(812, 833, '2018-12-14', 0, 0, '0.00', 0),
(813, 770, '2018-09-03', 47, 1809, '505.70', 0),
(814, 771, '2018-09-03', 25, 1809, '580.00', 23756103),
(815, 771, '2018-09-03', 26, 1809, '580.00', 23903394),
(816, 773, '2018-09-03', 24, 1809, '580.00', 24598720),
(817, 774, '2018-09-03', 52, 1809, '580.00', 17012014),
(818, 775, '2018-09-25', 62, 1809, '300.00', 0),
(819, 776, '0000-00-00', 0, 0, '0.00', 0),
(820, 777, '2018-09-26', 28, 1808, '934.90', 15655874),
(821, 778, '0000-00-00', 0, 0, '0.00', 0),
(822, 779, '0000-00-00', 0, 0, '0.00', 0),
(823, 780, '0000-00-00', 0, 0, '0.00', 0),
(824, 781, '2018-10-02', 28, 1809, '850.00', 17014176),
(825, 782, '0000-00-00', 0, 0, '0.00', 0),
(826, 783, '0000-00-00', 0, 0, '0.00', 0),
(827, 784, '0000-00-00', 0, 0, '0.00', 0),
(828, 785, '0000-00-00', 0, 0, '0.00', 0),
(829, 786, '0000-00-00', 0, 0, '0.00', 0),
(830, 787, '0000-00-00', 0, 0, '0.00', 0),
(831, 788, '2018-10-03', 111, 1810, '1135.00', 0),
(832, 789, '0000-00-00', 0, 0, '0.00', 0),
(833, 790, '0000-00-00', 0, 0, '0.00', 0),
(834, 791, '0000-00-00', 0, 0, '0.00', 0),
(835, 792, '0000-00-00', 0, 0, '0.00', 0),
(836, 793, '2018-10-03', 21, 1810, '505.70', 14415729),
(837, 794, '2018-10-03', 2, 1810, '580.00', 504),
(838, 795, '0000-00-00', 0, 0, '0.00', 0),
(839, 796, '0000-00-00', 0, 0, '0.00', 0),
(840, 797, '2018-10-03', 25, 1810, '580.00', 23864135),
(841, 798, '2018-10-03', 26, 1810, '580.00', 24324387),
(842, 799, '2018-10-03', 24, 1810, '580.00', 24598721),
(843, 800, '2018-10-03', 94, 1810, '375.00', 91788219),
(844, 801, '2018-10-03', 100, 1810, '2700.00', 25),
(845, 802, '2018-10-03', 47, 1810, '505.70', 0),
(846, 803, '0000-00-00', 0, 0, '0.00', 0),
(847, 804, '2018-10-03', 87, 1809, '700.00', 24),
(848, 805, '0000-00-00', 0, 0, '0.00', 0),
(849, 806, '2018-10-04', 52, 1810, '580.00', 17019978),
(850, 809, '0000-00-00', 0, 0, '0.00', 0),
(851, 810, '2018-11-06', 94, 1811, '375.00', 15965959),
(852, 811, '2018-11-06', 2, 1811, '580.00', 865),
(853, 812, '2018-11-06', 47, 1811, '505.70', 0),
(854, 813, '2018-11-06', 21, 1811, '505.70', 15264173),
(855, 814, '2018-11-06', 52, 1811, '580.00', 18689945),
(856, 815, '0000-00-00', 0, 0, '0.00', 0),
(857, 816, '2018-11-06', 26, 1811, '580.00', 24387582),
(858, 817, '2018-11-06', 25, 1811, '580.00', 24387581),
(859, 818, '0000-00-00', 0, 0, '0.00', 0),
(860, 819, '2018-11-06', 48, 1810, '1125.00', 17095511),
(861, 820, '2018-11-06', 103, 1811, '1179.90', 40600620),
(862, 821, '2018-11-06', 110, 1902, '1000.00', 0),
(863, 822, '2018-11-06', 87, 1811, '700.00', 25),
(864, 823, '0000-00-00', 0, 0, '0.00', 0),
(865, 824, '0000-00-00', 0, 0, '0.00', 0),
(866, 825, '2018-11-20', 62, 1811, '600.00', 0),
(867, 826, '0000-00-00', 0, 0, '0.00', 0),
(868, 827, '2018-11-26', 104, 1808, '1000.00', 57),
(869, 828, '2018-11-26', 104, 1811, '1000.00', 69),
(870, 829, '0000-00-00', 0, 0, '0.00', 0),
(871, 830, '2018-11-26', 100, 1811, '2700.00', 27),
(872, 831, '2018-11-26', 24, 1811, '580.00', 24665975),
(873, 832, '2018-11-30', 28, 1810, '1032.70', 15706494),
(874, 869, '0000-00-00', 0, 0, '0.00', 0),
(875, 870, '2019-02-05', 94, 1902, '375.00', 5087013),
(876, 871, '2019-02-05', 48, 1903, '1125.00', 15705563),
(877, 872, '2019-02-05', 2, 1902, '580.00', 1210),
(878, 873, '2019-02-05', 21, 1902, '505.70', 19035097),
(879, 874, '2019-02-05', 47, 1902, '505.70', 0),
(880, 875, '0000-00-00', 0, 1902, '0.00', 0),
(881, 877, '0000-00-00', 0, 1902, '0.00', 0),
(882, 878, '2019-02-05', 24, 1902, '580.00', 25236621),
(883, 879, '0000-00-00', 0, 1902, '0.00', 0),
(884, 880, '2019-02-05', 26, 1902, '580.00', 24873166),
(885, 881, '2019-02-05', 25, 1902, '580.00', 24598722),
(886, 882, '2019-02-05', 100, 1902, '2700.00', 33),
(887, 883, '2019-02-08', 103, 1905, '1175.20', 40600961),
(888, 886, '2019-02-08', 0, 1902, '891.70', 0),
(889, 887, '2019-02-12', 112, 1902, '210.00', 21021326),
(890, 888, '2019-02-28', 28, 1901, '891.70', 15705563),
(891, 884, '2019-02-08', 0, 1902, '0.00', 0),
(892, 885, '2019-02-08', 113, 1908, '2000.00', 50602140),
(893, 889, '2019-03-05', 52, 1903, '580.00', 21021008),
(894, 890, '2019-03-07', 28, 1902, '850.00', 21022656),
(895, 891, '2019-03-08', 21, 1903, '505.70', 21086367),
(896, 892, '2019-03-11', 94, 1903, '375.00', 21680514),
(897, 893, '2019-03-22', 2, 1903, '580.00', 1210),
(898, 894, '2019-03-22', 0, 1903, '1790.00', 0),
(899, 895, '2019-03-22', 53, 1903, '1790.00', 50605141),
(900, 897, '2019-03-25', 109, 1903, '1664.00', 0),
(901, 898, '2019-03-25', 87, 1903, '700.00', 34),
(902, 899, '2019-03-27', 24, 1903, '580.00', 25377680),
(903, 900, '2019-03-27', 26, 1903, '580.00', 25099276),
(904, 901, '2019-03-27', 100, 1903, '2700.00', 34),
(905, 902, '2019-03-27', 25, 1903, '580.00', 24763038),
(906, 903, '2019-03-28', 98, 1903, '105.00', 0),
(907, 905, '2019-04-03', 2, 1904, '580.00', 148),
(908, 896, '2019-03-25', 115, 1903, '2000.00', 15701838),
(909, 904, '2019-03-29', 114, 1903, '340.00', 0),
(910, 906, '2019-04-12', 21, 1904, '505.70', 17408282),
(911, 907, '2019-04-23', 28, 1903, '850.00', 21021008),
(912, 908, '2019-04-05', 0, 1904, '0.00', 0),
(913, 909, '2019-04-23', 52, 1904, '580.00', 21017433),
(914, 910, '2019-04-23', 24, 1904, '580.00', 25668709),
(915, 911, '2019-04-23', 26, 1904, '580.00', 25195800),
(916, 912, '2019-04-23', 25, 1904, '580.00', 25024448),
(917, 913, '2019-04-23', 94, 1904, '375.00', 15922751),
(918, 914, '2019-04-23', 100, 1904, '2700.00', 35),
(919, 915, '2019-04-25', 62, 1904, '300.00', 21022656),
(920, 917, '2019-05-03', 52, 1905, '580.00', 23199052),
(921, 918, '2019-05-03', 28, 1904, '850.00', 23369524),
(922, 919, '2019-05-03', 87, 1905, '700.00', 24141825),
(923, 920, '2019-05-03', 48, 1903, '1125.00', 21017433),
(924, 921, '2019-05-03', 2, 1905, '580.00', 962),
(925, 922, '2019-05-03', 21, 1905, '505.70', 22720428),
(926, 923, '2019-05-03', 94, 1905, '375.00', 15920129),
(927, 924, '2019-05-03', 24, 1905, '580.00', 25809202),
(928, 925, '2019-05-03', 26, 1905, '580.00', 25366776),
(929, 926, '2019-05-03', 25, 1905, '580.00', 25095893),
(930, 927, '2019-05-03', 100, 1905, '2700.00', 36),
(931, 928, '2019-05-03', 104, 1902, '1000.00', 73),
(932, 929, '2019-05-03', 0, 1905, '0.00', 0),
(933, 930, '2019-05-03', 116, 1903, '1000.00', 20092425),
(934, 932, '2019-05-10', 112, 1905, '2000.00', 21021326),
(935, 933, '2019-05-28', 1, 1905, '60.00', 0),
(936, 931, '2019-05-06', 1, 1905, '1200.00', 0),
(937, 934, '2019-05-28', 117, 1906, '1000.00', 22049914),
(938, 935, '2019-06-03', 2, 1906, '580.00', 318),
(939, 936, '2019-06-03', 21, 1906, '505.70', 22942467),
(940, 937, '2019-06-03', 94, 1906, '375.00', 23017723),
(941, 938, '2019-06-03', 52, 1906, '580.00', 17017138),
(942, 939, '2019-06-03', 24, 1906, '580.00', 26023492),
(943, 940, '2019-06-03', 26, 1906, '580.00', 25713878),
(944, 941, '2019-06-03', 25, 1906, '580.00', 25236622),
(945, 942, '2019-06-03', 100, 1906, '2700.00', 21017432),
(946, 943, '2019-06-03', 116, 1906, '1000.00', 23194019),
(947, 944, '2019-06-03', 97, 1906, '1750.00', 50604410),
(948, 945, '2019-06-03', 28, 1906, '797.50', 23199051),
(949, 946, '2019-06-03', 103, 1906, '1262.20', 40601519),
(950, 947, '2019-06-03', 109, 1906, '1115.00', 21055796),
(951, 948, '2019-06-03', 53, 1906, '1740.00', 25377093),
(952, 949, '2019-06-03', 0, 1906, '0.00', 0),
(953, 950, '2019-07-03', 94, 1906, '375.00', 24259148),
(954, 951, '2019-07-03', 0, 1906, '0.00', 0),
(955, 952, '2019-07-03', 24, 1907, '580.00', 26187328),
(956, 953, '2019-07-03', 26, 1907, '580.00', 25862281),
(957, 954, '2019-07-03', 25, 1907, '580.00', 25415447),
(958, 955, '2019-07-03', 2, 1907, '580.00', 727),
(959, 956, '2019-07-03', 21, 1907, '505.70', 24814608),
(960, 957, '2019-07-03', 52, 1907, '580.00', 21017777),
(961, 958, '2019-07-03', 100, 1907, '2700.00', 39),
(962, 959, '2019-07-03', 0, 1907, '1000.00', 0),
(963, 876, '2019-02-05', 52, 1902, '580.00', 21022656),
(964, 960, '2019-07-05', 28, 1907, '850.00', 25368357),
(965, 961, '2019-05-17', 62, 1907, '600.00', 24137065),
(966, 962, '2019-07-19', 118, 1907, '460.00', 25368356),
(967, 963, '2019-07-31', 53, 1907, '580.00', 25377093),
(968, 9999, '2020-01-31', 1, 1909, '0.00', 0),
(969, 964, '2019-08-05', 2, 1908, '580.00', 454),
(970, 965, '2019-08-05', 21, 1908, '505.70', 24502677),
(971, 966, '2019-08-05', 0, 1908, '0.00', 0),
(972, 967, '2019-08-05', 52, 1908, '580.00', 21020567),
(973, 968, '2019-08-05', 24, 1908, '580.00', 26267340),
(974, 969, '2019-08-05', 26, 1908, '580.00', 25911068),
(975, 970, '2019-08-05', 25, 1908, '580.00', 25633322),
(976, 971, '2019-08-05', 100, 1908, '2700.00', 40),
(977, 972, '2019-08-12', 0, 1908, '5800.00', 0),
(978, 973, '2019-08-12', 81, 1908, '5800.00', 25376890),
(979, 974, '2019-08-13', 28, 1908, '850.00', 15698825),
(980, 975, '2019-08-19', 94, 1908, '375.00', 15915632),
(981, 976, '2019-08-22', 119, 1908, '1000.00', 25179183),
(982, 977, '2019-08-26', 0, 1908, '4.00', 0),
(983, 978, '2019-08-26', 29, 1908, '4596.00', 25615091),
(984, 979, '2019-09-03', 52, 1909, '580.00', 13032322),
(985, 980, '2019-09-03', 0, 1909, '0.00', 0),
(986, 981, '2019-09-03', 0, 1909, '0.00', 0),
(987, 982, '2019-09-03', 94, 1909, '375.00', 4586037),
(988, 983, '2019-09-03', 2, 1909, '580.00', 1103),
(989, 984, '2019-09-03', 21, 1909, '505.70', 59527);
INSERT INTO `factura` (`idRegistro`, `numeroFactura`, `fechaFactura`, `idCliente`, `codigoMes`, `montoFactura`, `documentoPago`) VALUES
(990, 985, '2019-09-03', 24, 1909, '580.00', 26598755),
(991, 986, '2019-09-03', 26, 1909, '580.00', 26116713),
(992, 987, '2019-09-03', 25, 1909, '580.00', 25950421),
(993, 988, '2019-09-03', 100, 1909, '2700.00', 42),
(994, 989, '2019-09-03', 120, 1909, '2000.00', 21018230),
(995, 990, '2019-09-05', 0, 1909, '0.00', 0),
(996, 991, '2019-09-05', 28, 1909, '850.00', 846562),
(997, 992, '2019-09-10', 104, 1907, '1000.00', 50604433),
(998, 993, '2019-09-13', 115, 1909, '140.00', 21021930),
(999, 994, '2019-09-19', 87, 1909, '700.00', 24274944),
(1000, 995, '2019-09-19', 116, 1909, '1000.00', 26512432),
(1001, 996, '2019-09-19', 103, 1909, '1183.00', 40600984),
(1002, 997, '2019-09-26', 87, 1909, '700.00', 24274944),
(1003, 998, '2019-09-27', 104, 1909, '1000.00', 50604979),
(1004, 999, '2019-09-30', 0, 1909, '0.00', 0),
(1005, 1000, '2019-09-30', 113, 1909, '2000.00', 50601721),
(1006, 1001, '2019-10-02', 2, 1910, '580.00', 250),
(1007, 1002, '2019-10-02', 0, 1910, '0.00', 0),
(1008, 1003, '2019-10-02', 21, 1910, '505.70', 1257060),
(1009, 1004, '2019-10-02', 94, 1910, '375.00', 26545432),
(1010, 1005, '2019-10-02', 52, 1910, '580.00', 2164628),
(1011, 1006, '2019-10-02', 24, 1910, '580.00', 26678610),
(1012, 1007, '2019-10-02', 26, 1910, '580.00', 26320428),
(1013, 1008, '2019-10-02', 25, 1910, '580.00', 26156110),
(1014, 1009, '2019-10-04', 100, 1910, '2700.00', 45),
(1015, 1010, '2019-10-09', 28, 1910, '850.00', 15696324),
(1016, 1011, '2019-10-11', 120, 1910, '2000.00', 385856),
(1017, 1012, '2019-10-15', 0, 1910, '0.00', 0),
(1018, 1013, '2019-10-15', 29, 1910, '1815.00', 26066355),
(1019, 1014, '2019-10-15', 109, 1910, '1000.00', 460044),
(1020, 1015, '2019-11-05', 2, 1911, '580.00', 1284),
(1021, 1016, '2019-11-05', 21, 1911, '505.70', 2111301),
(1022, 1017, '2019-11-05', 94, 1911, '375.00', 25306268),
(1023, 1018, '2019-11-05', 52, 1911, '580.00', 1986448),
(1024, 1019, '2019-11-05', 24, 1911, '580.00', 0),
(1025, 1020, '2019-11-05', 26, 1911, '580.00', 26638347),
(1026, 1021, '2019-11-05', 25, 1911, '580.00', 26788492),
(1027, 1022, '2019-11-05', 100, 1911, '2700.00', 46),
(1028, 1023, '2019-11-05', 0, 1911, '0.00', 0),
(1029, 1024, '2019-11-06', 28, 1911, '850.00', 2171927),
(1030, 1025, '2019-11-14', 97, 1911, '1750.00', 50601591),
(1031, 1026, '2019-11-15', 53, 1911, '2320.00', 13032321),
(1032, 1027, '2019-11-15', 0, 1911, '1000.00', 0),
(1033, 1028, '2019-11-15', 0, 1911, '1000.00', 0),
(1034, 1029, '2019-11-21', 108, 1911, '1000.00', 23369524),
(1035, 1030, '2019-11-25', 0, 1911, '0.00', 0),
(1036, 1031, '2019-11-25', 87, 1911, '700.00', 42),
(1037, 1032, '2019-11-29', 103, 1911, '1151.50', 40601376),
(1038, 1033, '2019-11-29', 0, 1911, '0.00', 0),
(1039, 1034, '2019-11-29', 112, 1911, '2000.00', 7912885),
(1040, 1035, '2019-12-02', 2, 1912, '580.00', 982),
(1041, 1036, '2019-12-02', 21, 506, '505.00', 2116957),
(1042, 1037, '2019-12-02', 94, 1912, '375.00', 92509027),
(1043, 1038, '2019-12-02', 52, 1912, '580.00', 3915343),
(1044, 1039, '2019-12-02', 24, 1912, '580.00', 0),
(1045, 1040, '2019-12-02', 26, 1912, '580.00', 27084061),
(1046, 1041, '2019-12-02', 25, 1912, '580.00', 26788493),
(1047, 1042, '2019-12-02', 100, 1912, '2700.00', 2164628),
(1048, 1044, '2019-12-17', 28, 1912, '850.00', 7297273),
(1049, 1045, '2019-12-31', 0, 1912, '0.00', 0),
(1050, 1051, '2020-01-02', 0, 2001, '580.00', 0),
(1051, 1052, '2020-01-02', 52, 2001, '580.00', 4892039),
(1052, 1053, '2020-01-03', 2, 2001, '580.00', 1096),
(1053, 1054, '2020-01-03', 0, 2001, '0.00', 0),
(1054, 1055, '2020-01-06', 21, 2001, '505.70', 4012439),
(1055, 1056, '2020-01-06', 0, 2001, '0.00', 0),
(1056, 1057, '2020-01-06', 24, 2001, '580.00', 0),
(1057, 1058, '2020-01-06', 26, 2001, '580.00', 27131122),
(1058, 1059, '2020-01-06', 25, 2001, '580.00', 26982500),
(1059, 1060, '2020-01-06', 100, 2001, '2700.00', 2171926),
(1060, 1061, '2020-01-06', 0, 2001, '0.00', 0),
(1061, 1062, '2020-01-06', 0, 2001, '0.00', 0),
(1062, 1063, '2020-01-06', 28, 2001, '850.00', 3930780),
(1063, 1064, '2020-01-06', 0, 2001, '0.00', 0),
(1064, 1065, '2020-01-06', 94, 2001, '375.00', 2602372),
(1065, 1066, '2020-01-07', 119, 2001, '1000.00', 26710526),
(1066, 1043, '2019-12-06', 123, 1912, '400.00', 2176500),
(1067, 1067, '2020-01-10', 0, 2001, '0.00', 0),
(1068, 1068, '2020-01-10', 116, 2001, '1000.00', 219),
(1069, 1069, '2020-01-10', 0, 2001, '0.00', 0),
(1070, 1070, '2020-01-10', 29, 2001, '976.00', 26704449),
(1071, 1071, '2020-01-14', 62, 2001, '700.00', 3287010),
(1072, 1072, '2020-01-16', 104, 2001, '1000.00', 50605384),
(1073, 1073, '2020-01-20', 62, 2001, '350.00', 2180459),
(1074, 1074, '2020-01-20', 87, 2001, '700.00', 48),
(1075, 1075, '2020-01-21', 62, 2001, '150.00', 2180459),
(1076, 1076, '2020-02-03', 2, 2002, '580.00', 408),
(1077, 1077, '2020-02-03', 21, 2002, '505.70', 5050038),
(1078, 1078, '2020-02-03', 94, 2002, '375.00', 92614150),
(1079, 1079, '2020-02-03', 52, 2002, '580.00', 0),
(1080, 1080, '2020-02-03', 24, 2002, '580.00', 0),
(1081, 1081, '2020-02-03', 26, 2002, '580.00', 27131123),
(1082, 1082, '2020-02-03', 25, 2002, '580.00', 27344026),
(1083, 1083, '2020-02-03', 100, 2002, '2700.00', 48),
(1084, 1084, '2020-02-04', 98, 2002, '225.00', 3286070),
(1085, 1085, '2020-02-12', 28, 2002, '850.00', 4889865),
(1086, 1086, '2020-02-13', 122, 2002, '2000.00', 7830799),
(1087, 1087, '2020-02-27', 103, 2002, '1171.60', 40601549),
(1088, 1088, '2020-02-27', 29, 2002, '936.00', 27131797),
(1089, 1089, '2020-02-27', 0, 2002, '0.00', 0),
(1090, 1090, '2020-02-27', 119, 2002, '1000.00', 27175631),
(1091, 1091, '2020-03-02', 52, 2003, '580.00', 0),
(1092, 1092, '2020-03-04', 94, 2003, '375.00', 23019263),
(1093, 1093, '2020-03-05', 2, 2003, '580.00', 447),
(1094, 1094, '2020-03-06', 122, 2003, '70.00', 4885755),
(1095, 1095, '2020-03-31', 21, 2003, '505.70', 5052800),
(1096, 1096, '2020-03-31', 24, 2003, '580.00', 0),
(1097, 1097, '2020-03-31', 0, 2003, '580.00', 0),
(1098, 1098, '2020-03-31', 26, 2003, '580.00', 27696852),
(1099, 1099, '2020-03-31', 25, 2003, '580.00', 27919574),
(1100, 0, '0000-00-00', 0, 0, '0.00', 0),
(1101, 1101, '2020-04-07', 0, 2004, '0.00', 0),
(1102, 1102, '2020-04-07', 0, 2004, '0.00', 0),
(1103, 1103, '2020-04-07', 0, 2004, '0.00', 0),
(1104, 1104, '2020-04-07', 0, 2004, '0.00', 0),
(1105, 1105, '2020-04-07', 24, 2004, '580.00', 0),
(1106, 1106, '2020-04-07', 26, 2004, '580.00', 27767697),
(1107, 1107, '2020-04-07', 0, 2004, '0.00', 0),
(1108, 1108, '2020-04-07', 0, 2004, '0.00', 0),
(1109, 1109, '2020-04-07', 25, 2004, '580.00', 27919575),
(1110, 1110, '2020-04-07', 0, 2004, '0.00', 0),
(1111, 1111, '2020-04-07', 0, 2004, '0.00', 0),
(1112, 1112, '2020-04-07', 0, 2004, '0.00', 0),
(1113, 1113, '2020-04-07', 0, 2004, '0.00', 0),
(1114, 1114, '2020-04-07', 0, 2004, '0.00', 0),
(1115, 1115, '2020-04-07', 0, 2004, '0.00', 0),
(1116, 1116, '2020-04-07', 0, 2004, '0.00', 0),
(1117, 1117, '2020-04-07', 0, 2004, '0.00', 0),
(1118, 1118, '2020-04-07', 0, 2004, '0.00', 0),
(1119, 1119, '2020-04-20', 2, 2004, '580.00', 645),
(1120, 1120, '2020-04-24', 21, 2004, '505.70', 4405733),
(1121, 1121, '2020-04-24', 53, 2004, '1740.00', 50613000),
(1122, 1122, '2020-04-24', 0, 2004, '0.00', 0),
(1123, 1123, '2020-04-24', 104, 2004, '1000.00', 50604924),
(1124, 1124, '2020-04-24', 113, 2004, '2000.00', 50616847),
(1125, 1125, '2020-04-24', 116, 2004, '1000.00', 4892039),
(1126, 1126, '2020-04-24', 0, 2004, '0.00', 0),
(1127, 1127, '2020-04-24', 87, 2004, '525.00', 50624788),
(1128, 1128, '2020-04-24', 52, 2004, '580.00', 0),
(1129, 1129, '2020-04-29', 0, 2004, '0.00', 0),
(1130, 1130, '2020-04-29', 0, 2004, '0.00', 0),
(1131, 1131, '2020-04-29', 0, 2004, '0.00', 0),
(1132, 1132, '2020-04-29', 120, 2004, '1000.00', 13682539),
(1133, 1133, '2020-05-04', 0, 2005, '0.00', 0),
(1134, 11, '0000-00-00', 28, 0, '0.00', 0),
(1135, 1134, '2020-05-04', 24, 2005, '580.00', 0),
(1136, 1135, '2020-05-04', 26, 2005, '580.00', 27767698),
(1137, 1136, '2020-05-04', 25, 2005, '580.00', 28081886),
(1138, 1137, '2020-05-04', 0, 2005, '0.00', 0),
(1139, 1138, '2020-05-04', 94, 2005, '375.00', 92779284),
(1140, 1139, '2020-05-04', 0, 2005, '0.00', 0),
(1141, 1140, '2020-05-04', 2, 2005, '580.00', 652),
(1142, 1141, '2020-05-04', 0, 2005, '0.00', 0),
(1143, 1142, '2020-05-04', 21, 2005, '505.70', 7612592),
(1144, 1143, '2020-05-04', 0, 2005, '0.00', 0),
(1145, 1144, '2020-05-04', 0, 2005, '0.00', 0),
(1146, 1145, '2020-05-04', 28, 2005, '850.00', 4069025),
(1147, 1146, '2020-05-04', 28, 2005, '850.00', 5524717),
(1148, 1147, '2020-05-11', 0, 2005, '0.00', 0),
(1149, 1148, '2020-05-11', 0, 2005, '0.00', 0),
(1150, 1149, '2020-05-11', 0, 2005, '0.00', 0),
(1151, 1150, '2020-05-11', 29, 2005, '1542.00', 27809337),
(1152, 1151, '2020-05-27', 124, 2006, '1000.00', 7624695),
(1153, 1152, '2020-06-01', 120, 2006, '1000.00', 7624696),
(1154, 1153, '2020-06-04', 28, 2006, '850.00', 28092656),
(1155, 1154, '2020-06-04', 28, 2006, '850.00', 0),
(1156, 1158, '2020-06-04', 112, 2006, '2000.00', 27917285),
(1157, 1157, '2020-06-04', 0, 2006, '0.00', 0),
(1158, 1155, '2020-06-04', 103, 2006, '1074.00', 40602812),
(1159, 1156, '2020-06-04', 0, 2006, '0.00', 0),
(1160, 1159, '2020-06-04', 0, 2006, '0.00', 0),
(1161, 1160, '2020-06-04', 104, 2006, '1000.00', 50613329),
(1162, 1161, '2020-06-04', 2, 2006, '580.00', 0),
(1163, 1162, '2020-06-04', 21, 2006, '505.70', 0),
(1164, 1163, '2020-06-04', 94, 2006, '375.00', 92849814),
(1165, 1164, '2020-06-04', 24, 2006, '580.00', 0),
(1166, 1165, '2020-06-04', 26, 2006, '580.00', 0),
(1167, 1166, '2020-06-04', 25, 2006, '580.00', 0),
(1168, 1167, '2020-06-04', 97, 2006, '1250.00', 50614703);

-- --------------------------------------------------------

--
-- Table structure for table `logistica`
--

CREATE TABLE `logistica` (
  `idRegistro` int(11) NOT NULL,
  `idUsuario` int(11) NOT NULL,
  `idEmpresa` int(11) NOT NULL,
  `direccionRecoleccion` varchar(225) COLLATE utf8_spanish2_ci NOT NULL,
  `contactoRecoleccion` varchar(225) COLLATE utf8_spanish2_ci NOT NULL,
  `horario` varchar(225) COLLATE utf8_spanish2_ci NOT NULL,
  `direccionEntrega` varchar(225) COLLATE utf8_spanish2_ci NOT NULL,
  `contactoEntrega` varchar(225) COLLATE utf8_spanish2_ci NOT NULL,
  `detalle` longtext COLLATE utf8_spanish2_ci NOT NULL,
  `fechaRegistro` varchar(255) COLLATE utf8_spanish2_ci NOT NULL,
  `estadoIniciado` int(11) NOT NULL,
  `estadoProceso` int(11) NOT NULL,
  `fechaProceso` varchar(255) COLLATE utf8_spanish2_ci NOT NULL,
  `estadoCompletado` int(11) NOT NULL,
  `fechaCompletado` varchar(255) COLLATE utf8_spanish2_ci NOT NULL
) ENGINE=InnoDB DEFAULT CHARSET=utf8 COLLATE=utf8_spanish2_ci;

--
-- Dumping data for table `logistica`
--

INSERT INTO `logistica` (`idRegistro`, `idUsuario`, `idEmpresa`, `direccionRecoleccion`, `contactoRecoleccion`, `horario`, `direccionEntrega`, `contactoEntrega`, `detalle`, `fechaRegistro`, `estadoIniciado`, `estadoProceso`, `fechaProceso`, `estadoCompletado`, `fechaCompletado`) VALUES
(1, 1, 53, 'direccion recoleccion', 'Jose Persion', '10:00', 'Direccion entrega', 'Marino', 'Detalle de la logistica', '15/05/2020 10:06:50', 1, 1, '21/05/2020 12:11:23', 0, 'sin completar'),
(2, 1, 54, '8va calle 11-22 zona 22', 'Mario Maya', '09:44', '9na av 3-4 zona 11', 'Marino Garcia', 'Pide que se llegue a recoger antes de las 9 de la manana', '15/05/2020 16:08:12', 1, 1, '20/05/2020 20:43:39', 1, '21/05/2020 20:44:18'),
(3, 1, 1, 'direccion logistica', 'contacto logistica', '10:00', 'direccion entrega', 'contacto entrega', 'Detalle de la logistica', '27/05/2020 10:56:51', 1, 0, 'sin completar', 0, 'sin completar'),
(4, 1, 24, 'zona 9', 'Marielos', '11:00', 'direccion entrega ejemplo', 'erly ejemplo', 'Cerca de burguer king, llamar antes de llegar', '23/06/2020 21:37:42', 1, 0, 'sin completar', 0, 'sin completar'),
(5, 5, 24, 'zona 9', 'Marielos', '10:00', 'direccion entrega ejemplo', 'erly ejemplo', 'Se entrega en officina de trabajo', '24/06/2020 13:04:15', 1, 0, 'sin completar', 0, 'sin completar');

-- --------------------------------------------------------

--
-- Table structure for table `observaciones`
--

CREATE TABLE `observaciones` (
  `idRegistro` int(11) NOT NULL,
  `idUsuario` int(11) NOT NULL,
  `idEvento` int(11) NOT NULL,
  `observacion` longtext COLLATE utf8_spanish2_ci NOT NULL,
  `fechaHora` varchar(255) COLLATE utf8_spanish2_ci NOT NULL,
  `tipoEvento` int(11) NOT NULL
) ENGINE=InnoDB DEFAULT CHARSET=utf8 COLLATE=utf8_spanish2_ci;

--
-- Dumping data for table `observaciones`
--

INSERT INTO `observaciones` (`idRegistro`, `idUsuario`, `idEvento`, `observacion`, `fechaHora`, `tipoEvento`) VALUES
(5, 1, 3, 'Comentario desde cita', '20/05/2020 19:58:16', 1),
(6, 1, 7, 'Comentario desde pedido', '20/05/2020 19:58:44', 2),
(7, 1, 1, 'comentario desde logistica', '20/05/2020 20:01:46', 3),
(8, 1, 1, 'distibucionaa111', '20/05/2020 20:17:06', 3),
(9, 1, 8, 'comentario desde pedido2', '21/05/2020 11:46:56', 2),
(10, 1, 2, 'Comentario desde logistica 2', '21/05/2020 11:54:35', 3),
(11, 1, 4, 'Observacion desde cita ferregua', '21/05/2020 12:30:46', 1),
(12, 1, 3, 'Comentario desde busqueda ajax evento cita  codigo evento 3', '21/05/2020 16:14:12', 1),
(13, 1, 8, 'Comentario desde busqueda de ajax pedido 8', '21/05/2020 19:56:32', 2),
(14, 1, 1, 'Comentario desde busqueda ajax logistica codigo evento 1', '21/05/2020 20:45:07', 3),
(15, 5, 6, 'Comentario desde usuario final', '23/06/2020 21:11:09', 1),
(16, 1, 6, 'Se confirma cita lo esperamos en oficina', '23/06/2020 21:12:56', 1),
(17, 5, 21, 'comentario desde el perfil trastevere', '23/06/2020 21:32:22', 2),
(18, 1, 21, 'Comentario desde el panel administrador', '23/06/2020 21:33:17', 2),
(19, 5, 4, 'ya lleva 2 hora y aun no han recolectado el paquete me urge', '23/06/2020 21:41:23', 3);

-- --------------------------------------------------------

--
-- Table structure for table `pagos`
--

CREATE TABLE `pagos` (
  `idRegistroPago` int(11) NOT NULL,
  `idCliente` int(11) DEFAULT NULL,
  `noFactura` int(11) DEFAULT NULL,
  `fechaPago` date DEFAULT NULL,
  `monto` decimal(11,2) DEFAULT NULL,
  `noDocumentoPago` varchar(45) COLLATE utf8_spanish2_ci DEFAULT NULL
) ENGINE=InnoDB DEFAULT CHARSET=utf8 COLLATE=utf8_spanish2_ci;

--
-- Dumping data for table `pagos`
--

INSERT INTO `pagos` (`idRegistroPago`, `idCliente`, `noFactura`, `fechaPago`, `monto`, `noDocumentoPago`) VALUES
(1, 0, 1, '2016-01-01', '0.00', '1234'),
(2, 58, 2, '2016-01-01', '3600.00', '910689'),
(3, 55, 3, '2016-01-01', '3600.00', '1060831'),
(4, 56, 4, '2016-01-01', '3600.00', '910691'),
(5, 57, 5, '2016-01-01', '3600.00', '910690'),
(6, 48, 6, '2016-01-01', '1125.00', '50600087'),
(7, 0, 8, '2016-01-01', '0.00', '0'),
(8, 29, 9, '2016-01-01', '680.00', '9884697'),
(9, 21, 10, '2016-01-01', '505.70', '1402565'),
(10, 0, 11, '2016-01-01', '0.00', '0'),
(11, 0, 12, '2016-01-01', '0.00', '0'),
(12, 24, 13, '2016-01-01', '580.00', '20751394'),
(13, 26, 14, '2016-01-01', '580.00', '20807403'),
(14, 25, 15, '2016-01-01', '580.00', '20784372'),
(15, 52, 16, '2016-01-01', '580.00', '2994349'),
(16, 47, 17, '2016-01-01', '505.70', '5844906'),
(17, 0, 18, '2016-01-01', '0.00', '0'),
(18, 27, 19, '2016-01-01', '195.00', '9105698'),
(19, 20, 20, '2016-01-01', '580.00', '4374017'),
(20, 61, 21, '2016-01-01', '180.00', '6030296'),
(21, 31, 22, '2016-01-01', '3995.00', '5025087'),
(22, 28, 23, '2016-01-01', '1479.30', '6342863'),
(23, 0, 24, '2016-01-01', '0.00', '0'),
(24, 0, 25, '2016-01-01', '0.00', '0'),
(25, 0, 26, '2016-01-01', '0.00', '0'),
(26, 62, 27, '2016-01-01', '500.00', '1060467'),
(27, 54, 28, '2016-01-01', '960.00', '1060467'),
(28, 37, 29, '2016-01-01', '1389.00', '1060463'),
(29, 28, 30, '2016-01-01', '1368.40', '9105698'),
(30, 0, 31, '2016-01-01', '0.00', '0'),
(31, 7, 32, '2016-01-01', '75.00', '1964006'),
(32, 63, 33, '2016-01-01', '175.00', '4103060'),
(33, 52, 34, '2016-01-01', '580.00', '7380507'),
(34, 2, 35, '2016-01-01', '1160.00', '4103059'),
(35, 29, 36, '2016-01-01', '1235.00', '2994349'),
(36, 0, 37, '2016-01-01', '0.00', '0'),
(37, 20, 38, '2016-01-01', '680.00', '4374017'),
(38, 21, 39, '2016-01-01', '505.70', '177606'),
(39, 2, 40, '2016-01-01', '580.00', '9474224'),
(40, 44, 41, '2016-01-01', '960.00', '5156501'),
(41, 60, 42, '2016-01-01', '100.00', '6342863'),
(42, 45, 43, '2016-01-01', '773.33', '4103076'),
(43, 63, 44, '2016-01-01', '200.00', '9474226'),
(44, 0, 45, '2016-01-01', '0.00', '0'),
(45, 47, 46, '2016-01-01', '505.70', '5844906'),
(46, 27, 47, '2016-01-01', '195.00', '6030239'),
(47, 26, 48, '2016-01-01', '580.00', '20853869'),
(48, 24, 49, '2016-01-01', '580.00', '20819154'),
(49, 25, 50, '2016-01-01', '580.00', '20819155'),
(50, 61, 51, '2016-01-01', '50.00', '6030296'),
(51, 0, 52, '2016-01-01', '0.00', '0'),
(52, 33, 53, '2016-01-01', '1500.00', '9884696'),
(53, 0, 54, '2016-01-01', '0.00', '0'),
(54, 37, 56, '2016-01-01', '1341.35', '4103778'),
(55, 49, 57, '2016-01-01', '585.00', '3886040'),
(56, 53, 58, '2016-01-01', '2320.00', '5116803'),
(57, 0, 59, '2016-01-01', '0.00', '0'),
(58, 28, 60, '2016-01-01', '1235.20', '6030239'),
(59, 29, 61, '2016-01-01', '605.00', '1319656'),
(60, 50, 62, '2016-01-01', '493.00', '6046022'),
(61, 21, 63, '2016-01-01', '505.70', '7219003'),
(62, 44, 64, '2016-01-01', '600.00', '7219003'),
(63, 44, 65, '2016-01-01', '400.00', '7219003'),
(64, 0, 66, '2016-01-01', '0.00', '0'),
(65, 2, 67, '2016-01-01', '580.00', '7219003'),
(66, 52, 68, '2016-01-01', '580.00', '7380507'),
(67, 54, 69, '2016-01-01', '960.00', '6030296'),
(68, 27, 70, '2016-01-01', '195.00', '3640382'),
(69, 26, 71, '2016-01-01', '580.00', '20890913'),
(70, 24, 72, '2016-01-01', '580.00', '20853870'),
(71, 25, 73, '2016-01-01', '580.00', '208989902'),
(72, 28, 75, '2016-01-01', '1469.50', '3640382'),
(73, 29, 76, '2016-01-01', '605.00', '1319656'),
(74, 47, 82, '2016-01-01', '505.70', '5844906'),
(75, 21, 87, '2016-01-01', '505.70', '7103565'),
(76, 48, 88, '2016-01-01', '1125.00', '50600516'),
(77, 52, 90, '2016-01-01', '580.00', '7098358'),
(78, 47, 91, '2016-01-01', '505.70', '515800'),
(79, 0, 92, '2016-01-01', '0.00', '0'),
(80, 25, 93, '2016-01-01', '580.00', '20988667'),
(81, 26, 94, '2016-01-01', '580.00', '20923779'),
(82, 27, 95, '2016-01-01', '195.00', '5771082'),
(83, 24, 96, '2016-01-01', '580.00', '20971436'),
(84, 33, 98, '2016-01-01', '2320.00', '249883'),
(85, 28, 97, '2016-01-01', '1334.20', '5771081'),
(86, 64, 74, '2016-01-01', '580.00', '7380506'),
(87, 65, 77, '2016-01-01', '275.00', '0'),
(88, 66, 78, '2016-01-01', '100.00', '5844905'),
(89, 67, 79, '2016-01-01', '50.00', '5844905'),
(90, 67, 80, '2016-01-01', '75.00', '5722847'),
(91, 67, 84, '2016-01-01', '50.00', '5844905'),
(92, 67, 85, '2016-01-01', '100.00', '7103565'),
(93, 67, 89, '2016-01-01', '50.00', '1407120'),
(94, 68, 81, '2016-01-01', '175.00', '5844905'),
(95, 69, 83, '2016-01-01', '580.00', '5844905'),
(96, 70, 86, '2016-01-01', '580.00', '3118835'),
(97, 71, 99, '2016-01-01', '580.00', '1407120'),
(98, 35, 100, '2016-01-01', '1855.00', '3643'),
(99, 0, 101, '2016-01-01', '0.00', '0'),
(100, 49, 102, '2016-01-01', '585.00', '3640381'),
(101, 38, 104, '2016-01-01', '841.40', '690210'),
(102, 0, 105, '2016-01-01', '0.00', '0'),
(103, 2, 107, '2016-01-01', '580.00', '50603902'),
(104, 21, 109, '2016-01-01', '505.70', '1862630'),
(105, 0, 110, '2016-01-01', '0.00', '0'),
(106, 2, 111, '2016-01-01', '580.00', '137789'),
(107, 52, 112, '2016-01-01', '580.00', '5772925'),
(108, 47, 113, '2016-01-01', '505.70', '2170463'),
(109, 27, 114, '2016-01-01', '195.00', '4509534'),
(110, 26, 115, '2016-01-01', '580.00', '21103500'),
(111, 24, 116, '2016-01-01', '580.00', '21103500'),
(112, 25, 117, '2016-01-01', '580.00', '21105361'),
(113, 0, 118, '2016-01-01', '0.00', '0'),
(114, 28, 119, '2016-01-01', '1306.20', '4509534'),
(115, 64, 123, '2016-01-01', '580.00', '3219590'),
(116, 63, 124, '2016-01-01', '170.00', '3219591'),
(117, 0, 127, '2016-01-01', '0.00', '0'),
(118, 54, 129, '2016-01-01', '960.00', '7271848'),
(119, 54, 130, '2016-01-01', '480.00', '5634779'),
(120, 61, 131, '2016-01-01', '87.50', '3219591'),
(121, 21, 133, '2016-01-01', '505.70', '7268573'),
(122, 2, 134, '2016-01-01', '580.00', '7268573'),
(123, 26, 135, '2016-01-01', '580.00', '21169420'),
(124, 24, 136, '2016-01-01', '580.00', '21129379'),
(125, 25, 137, '2016-01-01', '580.00', '21169421'),
(126, 52, 138, '2016-01-01', '580.00', '3922472'),
(127, 27, 139, '2016-01-01', '195.00', '3934266'),
(128, 28, 140, '2016-01-01', '1648.90', '3934265'),
(129, 71, 142, '2016-01-01', '1160.00', '5772926'),
(130, 29, 141, '2016-01-01', '1260.00', '21004165'),
(131, 64, 143, '2016-01-01', '580.00', '5772924'),
(132, 35, 144, '2016-01-01', '295.00', '48'),
(133, 0, 145, '2016-01-01', '0.00', '0'),
(134, 35, 146, '2016-01-01', '604.35', '48'),
(135, 45, 148, '2016-01-01', '480.00', '4501078'),
(136, 0, 132, '2016-01-01', '0.00', '0'),
(137, 29, 150, '2016-01-01', '655.00', '2170448'),
(138, 45, 151, '2016-01-01', '480.00', '5389081'),
(139, 21, 152, '2016-01-01', '505.70', '2170461'),
(140, 73, 55, '2016-01-01', '150.00', '7349552'),
(141, 0, 153, '2016-01-01', '0.00', '0'),
(142, 15, 154, '2016-01-01', '2900.00', '21027051'),
(143, 2, 155, '2016-01-01', '580.00', '2710516'),
(144, 47, 157, '2016-01-01', '505.70', '515800'),
(145, 24, 158, '2016-01-01', '580.00', '21235034'),
(146, 26, 159, '2016-01-01', '580.00', '21235033'),
(147, 25, 160, '2016-01-01', '580.00', '21311438'),
(148, 52, 161, '2016-01-01', '580.00', '4788212'),
(149, 54, 162, '2016-01-01', '960.00', '4277690'),
(150, 27, 163, '2016-01-01', '195.00', '2170514'),
(151, 28, 164, '2017-02-08', '1258.20', '8607068'),
(152, 0, 165, '2016-01-01', '0.00', '0'),
(153, 53, 166, '2016-01-01', '2900.00', '2170462'),
(154, 74, 103, '2016-01-01', '250.00', '7011919'),
(155, 75, 106, '2016-01-01', '4211.16', '4316052'),
(156, 74, 108, '2016-01-01', '50.00', '2170466'),
(157, 74, 120, '2016-01-01', '150.00', '9175104'),
(158, 76, 121, '2016-01-01', '1000.00', '9175766'),
(159, 74, 122, '2016-01-01', '175.00', '9175104'),
(160, 74, 125, '2016-01-01', '175.00', '7271849'),
(161, 75, 126, '2016-01-01', '1380.43', '3216199'),
(162, 77, 128, '2016-01-01', '7655.20', '4508169'),
(163, 47, 167, '2016-01-01', '505.70', '2170463'),
(164, 29, 168, '2016-01-01', '580.00', '2170468'),
(165, 2, 169, '2016-01-01', '580.00', '2170467'),
(166, 21, 170, '2016-01-01', '505.70', '2170468'),
(167, 26, 171, '2016-01-01', '580.00', '21311438'),
(168, 24, 172, '2016-01-01', '580.00', '21313527'),
(169, 25, 173, '2016-01-01', '580.00', '21313526'),
(170, 52, 174, '2016-01-01', '580.00', '2170484'),
(171, 28, 175, '2016-01-01', '1632.30', '3046123'),
(172, 27, 176, '2016-01-01', '195.00', '3046123'),
(173, 47, 177, '2016-01-01', '505.70', '2170504'),
(174, 0, 178, '2016-01-01', '0.00', '0'),
(175, 45, 179, '2016-01-01', '480.00', '3924141'),
(176, 0, 180, '2016-01-01', '0.00', '0'),
(177, 32, 181, '2016-01-01', '457.50', '443302'),
(178, 48, 182, '2016-01-01', '1125.00', '3922471'),
(179, 64, 183, '2016-01-01', '580.00', '2170465'),
(180, 20, 184, '2016-01-01', '75.00', '2170469'),
(181, 35, 185, '2016-01-01', '520.00', '53'),
(182, 35, 186, '2016-01-01', '693.33', '58'),
(183, 0, 187, '2016-01-01', '0.00', '0'),
(184, 2, 189, '2016-01-01', '75.00', '3292137'),
(185, 49, 188, '2016-01-01', '585.00', '1983291'),
(186, 38, 190, '2016-01-01', '1215.20', '2170471'),
(187, 63, 191, '2016-01-01', '160.00', '2170472'),
(188, 64, 192, '2016-01-01', '580.00', '2170475'),
(189, 21, 193, '2016-01-01', '505.70', '2170478'),
(190, 47, 194, '2016-01-01', '505.70', '2170503'),
(191, 26, 195, '2016-01-01', '580.00', '21366792'),
(192, 24, 196, '2016-01-01', '580.00', '21366792'),
(193, 25, 197, '2016-01-01', '580.00', '21407130'),
(194, 0, 199, '2016-01-01', '0.00', '0'),
(195, 54, 200, '2016-01-01', '960.00', '2170499'),
(196, 60, 7, '2016-01-01', '50.00', '0'),
(197, 0, 156, '2016-01-01', '0.00', '0'),
(198, 28, 204, '2016-01-01', '1161.60', '2170487'),
(199, 27, 205, '2016-01-01', '195.00', '2170487'),
(200, 29, 201, '2016-01-01', '705.00', '2519749'),
(201, 2, 202, '2016-01-01', '580.00', '2170480'),
(202, 0, 149, '2016-01-01', '0.00', '0'),
(203, 0, 156, '2016-01-01', '0.00', '0'),
(204, 81, 147, '2016-01-01', '5800.00', '4508168'),
(205, 52, 198, '2016-01-01', '580.00', '2170500'),
(206, 80, 203, '2016-01-01', '150.00', '3453746'),
(207, 0, 206, '2016-01-01', '0.00', '0'),
(208, 80, 210, '2016-01-01', '150.00', '7467848'),
(209, 29, 211, '2016-01-01', '630.00', '21280344'),
(210, 84, 209, '2016-01-01', '1968.10', '2519750'),
(211, 82, 208, '2016-01-01', '100.00', '3453746'),
(212, 64, 212, '2016-01-01', '580.00', '2170484'),
(213, 75, 213, '2016-01-01', '1179.73', '2170486'),
(214, 54, 214, '2016-01-01', '480.00', '3374370'),
(215, 80, 215, '2016-01-01', '300.00', '2170489'),
(216, 2, 216, '2016-01-01', '580.00', '2170488'),
(217, 29, 217, '2016-01-01', '655.00', '8565206'),
(218, 47, 218, '2016-01-01', '505.70', '2170503'),
(219, 0, 219, '2016-01-01', '0.00', '0'),
(220, 0, 219, '2016-01-01', '0.00', '0'),
(221, 52, 220, '2016-01-01', '580.00', '8577910'),
(222, 0, 222, '2016-01-01', '0.00', '0'),
(223, 25, 223, '2017-01-30', '580.00', '21499095'),
(224, 24, 224, '2017-01-17', '580.00', '21471357'),
(225, 0, 225, '2016-01-01', '0.00', '0'),
(226, 26, 226, '2016-01-01', '580.00', '21407131'),
(227, 21, 227, '2016-01-01', '505.70', '2170491'),
(228, 83, 207, '2016-01-01', '150.00', '2170483'),
(229, 85, 221, '2017-01-25', '70.00', '1269299'),
(230, 0, 228, '2016-01-01', '0.00', '0'),
(231, 0, 229, '2016-01-01', '0.00', '0'),
(232, 72, 230, '2016-01-01', '1325.00', '2170492'),
(233, 53, 231, '2016-01-01', '1160.00', '2170495'),
(234, 80, 232, '2016-01-01', '220.00', '8132336'),
(235, 0, 233, '2016-01-01', '0.00', '0'),
(236, 0, 234, '2016-01-01', '0.00', '0'),
(237, 0, 235, '2016-01-01', '0.00', '0'),
(238, 16, 237, '2016-01-01', '5220.00', '2170515'),
(239, 0, 238, '2016-01-01', '0.00', '0'),
(240, 28, 239, '2016-01-01', '1214.70', '2170514'),
(241, 27, 240, '2016-01-01', '195.00', '2170514'),
(242, 80, 241, '2016-01-01', '150.00', '2170501'),
(243, 35, 242, '2016-01-01', '939.38', '72'),
(244, 35, 243, '2016-01-01', '1191.67', '72'),
(245, 85, 244, '2016-01-01', '75.00', '8132336'),
(246, 44, 245, '2016-01-01', '1000.00', '2170498'),
(247, 63, 247, '2017-01-25', '120.00', '1269299'),
(248, 54, 248, '2016-01-01', '480.00', '2170520'),
(249, 75, 249, '2016-01-01', '1179.73', '6277597'),
(250, 0, 250, '2016-01-01', '0.00', '0'),
(251, 87, 236, '2016-01-01', '700.00', '49154402'),
(252, 86, 246, '2016-01-01', '3750.00', '2170502'),
(253, 85, 258, '2016-01-01', '140.00', '474077'),
(254, 86, 257, '2016-01-01', '550.00', '2170519'),
(255, 26, 256, '2017-04-07', '580.00', '21698423'),
(256, 25, 255, '2017-03-10', '580.00', '21620490'),
(257, 24, 254, '2017-04-24', '580.00', '21735879'),
(258, 52, 253, '2017-01-25', '580.00', '1269297'),
(259, 74, 259, '2016-01-01', '200.00', '2170506'),
(260, 62, 260, '2016-01-01', '700.00', '2170507'),
(261, 0, 261, '2016-01-01', '0.00', '0'),
(262, 21, 262, '2016-01-01', '505.70', '2170508'),
(263, 2, 263, '2016-01-01', '580.00', '2170510'),
(264, 45, 264, '2016-01-01', '960.00', '2170511'),
(265, 74, 265, '2016-01-01', '100.00', '2170513'),
(266, 0, 266, '2016-01-01', '0.00', '0'),
(267, 28, 267, '2017-01-15', '1641.78', '164195'),
(268, 0, 268, '2016-01-01', '0.00', '0'),
(269, 27, 269, '2016-01-01', '195.00', '2170514'),
(270, 74, 270, '2016-01-01', '175.00', '8565207'),
(271, 49, 271, '2016-01-01', '1170.00', '7921669'),
(272, 47, 272, '2017-03-09', '505.70', '1269306'),
(273, 29, 278, '2017-01-05', '680.00', '21438843'),
(274, 44, 277, '2016-01-01', '2000.00', '5039369'),
(275, 0, 275, '2016-01-01', '0.00', '0'),
(276, 54, 274, '2017-01-09', '480.00', '4977346'),
(277, 35, 280, '2016-01-01', '1122.00', '82'),
(278, 0, 281, '2016-01-01', '0.00', '0'),
(279, 26, 282, '2017-04-07', '580.00', '21698423'),
(280, 25, 283, '2017-08-16', '580.00', '22094048'),
(281, 24, 284, '2017-05-15', '580.00', '21796714'),
(282, 52, 285, '2017-02-18', '580.00', '7811668'),
(283, 21, 286, '2017-01-15', '505.70', '164195'),
(284, 2, 287, '2017-01-09', '580.00', '4977346'),
(285, 28, 288, '2017-02-08', '1193.13', '8607068'),
(286, 27, 289, '2017-02-08', '195.00', '8607067'),
(287, 57, 290, '2017-05-18', '3600.00', '2605916'),
(288, 0, 291, '2016-01-01', '0.00', '0'),
(289, 0, 293, '2016-01-01', '0.00', '0'),
(290, 56, 294, '2017-05-18', '3600.00', '5345970'),
(291, 55, 295, '2017-05-18', '3600.00', '5345971'),
(292, 0, 296, '2016-01-01', '0.00', '0'),
(293, 0, 297, '2016-01-01', '0.00', '0'),
(294, 58, 298, '2017-05-18', '3600.00', '5345972'),
(295, 47, 299, '2017-03-09', '505.70', '1269306'),
(296, 87, 300, '2017-01-11', '700.00', '4673973'),
(297, 0, 292, '2016-01-01', '0.00', '0'),
(298, 0, 301, '2016-01-01', '0.00', '0'),
(299, 48, 302, '2017-01-18', '1125.00', '9804842'),
(300, 0, 303, '2016-01-01', '0.00', '0'),
(301, 85, 304, '2017-01-25', '100.00', '1269299'),
(302, 51, 305, '2017-01-19', '580.00', '981401'),
(303, 0, 306, '2016-01-01', '0.00', '0'),
(304, 31, 307, '2017-01-30', '3995.00', '7430586'),
(305, 49, 308, '2017-01-25', '195.00', '1269298'),
(306, 1, 309, '2017-01-25', '10.00', '1269299'),
(307, 0, 310, '2016-01-01', '0.00', '0'),
(308, 53, 312, '2017-02-08', '580.00', '6853049'),
(309, 53, 313, '2017-02-08', '580.00', '6853049'),
(310, 54, 314, '2017-02-08', '480.00', '8607067'),
(311, 29, 315, '2017-03-10', '580.00', '21617794'),
(312, 29, 332, '2017-03-09', '605.00', '1269302'),
(313, 28, 331, '2017-03-09', '1269.70', '9780749'),
(314, 53, 330, '2017-02-08', '580.00', '6853049'),
(315, 38, 326, '2017-02-08', '878.25', '8607067'),
(316, 2, 317, '2017-02-08', '580.00', '8607066'),
(317, 21, 318, '2017-02-02', '505.70', '3880602'),
(318, 52, 319, '2017-04-10', '580.00', '7921662'),
(319, 24, 320, '2017-07-31', '580.00', '22038066'),
(320, 25, 321, '2017-08-16', '580.00', '22094049'),
(321, 26, 322, '2017-06-07', '580.00', '21871393'),
(322, 51, 323, '2017-03-23', '580.00', '3492063'),
(323, 47, 324, '2017-03-09', '505.70', '1269306'),
(324, 27, 325, '2017-03-09', '195.00', '9780749'),
(325, 0, 327, '2016-01-01', '0.00', '0'),
(326, 0, 279, '2016-01-01', '0.00', '0'),
(327, 45, 328, '2017-02-08', '490.00', '8607069'),
(328, 85, 329, '2017-01-25', '50.00', '1269299'),
(329, 0, 334, '2016-01-01', '0.00', '0'),
(330, 0, 316, '2016-01-01', '0.00', '0'),
(331, 91, 333, '2017-02-15', '2000.00', '6670845'),
(332, 89, 337, '2017-02-01', '1500.00', '7510232'),
(333, 90, 338, '2017-03-04', '1100.00', '7782092'),
(334, 54, 339, '2017-03-17', '480.00', '6279593'),
(335, 0, 251, '2016-01-01', '0.00', '0'),
(336, 0, 252, '2016-01-01', '0.00', '0'),
(337, 53, 311, '2016-01-01', '580.00', '8801207'),
(338, 2, 342, '2017-03-30', '580.00', '7819871'),
(339, 21, 343, '2017-03-30', '505.70', '78089'),
(340, 52, 344, '2017-04-26', '580.00', '5700271'),
(341, 24, 345, '2017-07-31', '580.00', '22038067'),
(342, 26, 347, '2017-06-07', '580.00', '21871393'),
(343, 51, 348, '2017-04-11', '580.00', '4260140'),
(344, 47, 349, '2017-06-01', '505.70', '7921665'),
(345, 27, 350, '2017-04-25', '195.00', '710210'),
(346, 28, 351, '2017-04-25', '1368.30', '710210'),
(347, 53, 352, '2017-03-04', '605.00', '5722841'),
(348, 0, 353, '2016-01-01', '0.00', '0'),
(349, 0, 356, '2016-01-01', '0.00', '0'),
(350, 0, 357, '2016-01-01', '0.00', '0'),
(351, 0, 358, '2016-01-01', '0.00', '0'),
(352, 35, 335, '2017-02-21', '1118.40', '89'),
(353, 35, 336, '2017-02-21', '982.40', '89'),
(354, 25, 346, '2017-08-16', '580.00', '22094050'),
(355, 38, 355, '2017-03-10', '402.50', '9243939'),
(356, 0, 360, '2016-01-01', '0.00', '0'),
(357, 0, 361, '2016-01-01', '0.00', '0'),
(358, 92, 363, '2017-02-10', '1500.00', '8919807'),
(359, 92, 364, '2017-03-02', '1500.00', '3012345'),
(360, 89, 365, '2017-03-15', '1500.00', '3804958'),
(361, 90, 367, '2017-03-02', '2100.00', '3012344'),
(362, 90, 368, '2017-04-10', '500.00', '1269303'),
(363, 38, 354, '2017-06-06', '504.55', '6810537'),
(364, 89, 366, '2017-03-15', '1500.00', '3804958'),
(365, 93, 362, '2017-03-17', '1275.00', '6279594'),
(366, 54, 369, '2017-05-04', '480.00', '1111243'),
(367, 0, 370, '2017-03-09', '0.00', '0'),
(368, 92, 380, '2017-04-12', '1500.00', '7921667'),
(369, 2, 388, '2017-04-10', '580.00', '7921662'),
(370, 90, 384, '2017-04-12', '2100.00', '1269305'),
(371, 0, 372, '2016-01-01', '0.00', '0'),
(372, 0, 374, '2016-01-01', '0.00', '0'),
(373, 21, 373, '2017-03-31', '505.70', '3579450'),
(374, 52, 375, '2017-05-18', '580.00', '5345973'),
(375, 24, 376, '2017-09-11', '580.00', '22180453'),
(376, 0, 377, '2016-01-01', '0.00', '0'),
(377, 0, 378, '2016-01-01', '0.00', '0'),
(378, 26, 379, '2017-07-04', '580.00', '21941835'),
(379, 47, 381, '2017-06-01', '505.70', '7921665'),
(380, 0, 382, '2016-01-01', '0.00', '0'),
(381, 0, 383, '2016-01-01', '0.00', '0'),
(382, 25, 385, '2017-08-16', '580.00', '22094051'),
(383, 48, 386, '2017-05-04', '1125.00', '9215792'),
(384, 0, 387, '2016-01-01', '0.00', '0'),
(385, 87, 389, '2017-03-30', '700.00', '4854523'),
(386, 49, 391, '2017-04-26', '390.00', '5700270'),
(387, 90, 390, '2017-04-10', '500.00', '1269304'),
(388, 0, 392, '2016-01-01', '0.00', '0'),
(389, 35, 393, '2017-04-20', '1008.12', '105'),
(390, 35, 394, '2017-04-20', '915.64', '105'),
(391, 94, 359, '2017-03-16', '1125.00', '91049330'),
(392, 2, 397, '2017-05-04', '580.00', '7921664'),
(393, 0, 398, '2017-04-28', '0.00', '0'),
(394, 29, 395, '2017-05-02', '555.00', '21757159'),
(395, 54, 396, '2017-05-04', '480.00', '1111243'),
(396, 26, 399, '2017-07-04', '580.00', '21941835'),
(397, 25, 400, '2017-08-16', '580.00', '22094052'),
(398, 0, 401, '2016-01-01', '0.00', '0'),
(399, 0, 402, '2016-01-01', '0.00', '0'),
(400, 52, 403, '2017-06-24', '580.00', '6960357'),
(401, 24, 404, '2017-10-30', '580.00', '22345429'),
(402, 0, 406, '2017-05-19', '0.00', '0'),
(403, 88, 0, '2017-03-25', '0.00', '220592'),
(404, 88, 0, '2017-04-05', '0.00', '7430587'),
(405, 88, 0, '2017-02-01', '0.00', '211078'),
(406, 95, 408, '2017-05-08', '1000.00', '2802836'),
(407, 0, 405, '2016-01-01', '0.00', '0'),
(408, 96, 407, '2017-05-30', '2200.00', '6870844'),
(409, 28, 409, '2017-05-24', '1461.30', '6534223'),
(410, 63, 410, '2017-05-16', '60.00', '3673197'),
(411, 47, 411, '2017-06-01', '505.70', '7921665'),
(412, 28, 412, '2017-06-12', '1080.00', '9243935'),
(413, 0, 413, '2016-01-01', '0.00', '0'),
(414, 0, 414, '2016-01-01', '0.00', '0'),
(415, 87, 415, '2017-05-19', '700.00', '7378953'),
(416, 29, 416, '2017-05-29', '730.00', '21838521'),
(417, 53, 417, '2017-05-25', '680.00', '4283602'),
(418, 0, 418, '2016-01-01', '0.00', '0'),
(419, 0, 419, '2016-01-01', '0.00', '0'),
(420, 0, 420, '2016-01-01', '0.00', '0'),
(421, 0, 421, '2016-01-01', '0.00', '0'),
(422, 21, 422, '2017-04-28', '505.70', '3498389'),
(423, 90, 423, '2017-05-11', '2100.00', '1484411'),
(424, 0, 424, '2016-01-01', '0.00', '0'),
(425, 0, 426, '2016-01-01', '0.00', '0'),
(426, 92, 427, '2017-05-18', '1500.00', '2605915'),
(427, 2, 434, '2017-06-08', '580.00', '6710001'),
(428, 28, 435, '2017-07-21', '1296.00', '8118866'),
(429, 52, 436, '2017-07-21', '580.00', '8118867'),
(430, 0, 437, '2016-01-01', '0.00', '0'),
(431, 25, 438, '2017-08-16', '580.00', '22094053'),
(432, 26, 439, '2017-10-02', '580.00', '22249048'),
(433, 21, 432, '2017-06-01', '505.70', '1243990'),
(434, 38, 433, '2017-06-06', '176.05', '6810537'),
(435, 51, 0, '2017-04-25', '580.00', '3433236'),
(436, 54, 425, '2017-06-06', '480.00', '6810538'),
(437, 24, 440, '2017-11-08', '580.00', '22386959'),
(438, 49, 428, '2017-07-05', '195.00', '6131368'),
(439, 49, 429, '2017-07-05', '195.00', '6131368'),
(440, 54, 444, '2017-07-06', '480.00', '5232410'),
(441, 0, 447, '2016-01-01', '0.00', '0'),
(442, 0, 448, '2016-01-01', '580.00', '0'),
(443, 0, 449, '2016-01-01', '580.00', '0'),
(444, 0, 450, '2016-01-01', '0.00', '0'),
(445, 92, 431, '2017-07-14', '1700.00', '6877461'),
(446, 0, 441, '2016-01-01', '0.00', '0'),
(447, 0, 442, '2016-01-01', '0.00', '0'),
(448, 89, 430, '2017-07-11', '1500.00', '998655'),
(449, 88, 443, '2016-01-01', '70.00', '0'),
(450, 0, 455, '2016-01-01', '0.00', '0'),
(451, 0, 456, '2016-01-01', '0.00', '0'),
(452, 0, 457, '2016-01-01', '0.00', '0'),
(453, 0, 458, '2016-01-01', '0.00', '0'),
(454, 0, 459, '2016-01-01', '0.00', '0'),
(455, 21, 446, '2017-06-28', '505.70', '3590504'),
(456, 52, 451, '2017-08-30', '580.00', '9231469'),
(457, 25, 452, '2017-08-16', '580.00', '22094054'),
(458, 26, 453, '2017-11-02', '580.00', '22360303'),
(459, 24, 454, '2017-12-28', '580.00', '22578361'),
(460, 0, 340, '2016-01-01', '0.00', '0'),
(461, 0, 341, '2016-01-01', '0.00', '0'),
(462, 0, 371, '2016-01-01', '0.00', '0'),
(463, 35, 460, '2017-06-19', '420.00', '121'),
(464, 35, 461, '2017-06-19', '720.00', '121'),
(465, 2, 462, '2017-07-13', '580.00', '5518133'),
(466, 29, 465, '2017-07-12', '530.00', '21982155'),
(467, 29, 466, '2017-07-12', '580.00', '21982155'),
(468, 29, 467, '2017-07-12', '555.00', '21982155'),
(469, 48, 464, '2017-07-14', '1125.00', '6877462'),
(470, 28, 463, '2017-08-30', '1276.30', '7123900'),
(471, 87, 468, '2017-07-21', '700.00', '7719488'),
(472, 0, 469, '2016-01-01', '0.00', '0'),
(473, 0, 470, '2016-01-01', '0.00', '0'),
(474, 89, 471, '2017-07-26', '1500.00', '1934817'),
(475, 72, 0, '2017-07-07', '125.00', '5519556'),
(476, 72, 0, '2017-07-07', '175.00', '5519556'),
(477, 72, 0, '2017-07-07', '200.00', '5519556'),
(478, 72, 0, '2017-07-07', '275.00', '5519556'),
(479, 72, 0, '2017-07-07', '325.00', '5519556'),
(480, 51, 0, '2017-05-23', '580.00', '4260787'),
(481, 47, 472, '2017-10-03', '505.70', '171787'),
(482, 47, 473, '2017-10-03', '505.70', '171787'),
(483, 53, 474, '2017-08-03', '630.00', '8242103'),
(484, 53, 475, '2017-08-03', '580.00', '8242103'),
(485, 53, 476, '2017-08-03', '580.00', '8242103'),
(486, 0, 477, '2016-01-01', '0.00', '0'),
(487, 93, 478, '2017-07-28', '1275.00', '7177948'),
(488, 0, 479, '2016-01-01', '0.00', '0'),
(489, 54, 480, '2017-08-18', '480.00', '423562'),
(490, 2, 484, '2017-08-03', '580.00', '8242102'),
(491, 24, 486, '2018-01-15', '580.00', '22637708'),
(492, 26, 487, '2017-11-02', '580.00', '22360303'),
(493, 25, 488, '2016-01-01', '580.00', '0'),
(494, 52, 489, '2017-09-22', '580.00', '4895946'),
(495, 21, 490, '2017-08-02', '505.70', '8471523'),
(496, 28, 491, '2017-09-21', '1234.10', '3140276'),
(497, 49, 492, '2017-08-08', '195.00', '498857'),
(498, 49, 493, '2017-08-08', '195.00', '498857'),
(499, 0, 494, '2016-01-01', '0.00', '0'),
(500, 0, 495, '2016-01-01', '0.00', '0'),
(501, 0, 496, '2016-01-01', '0.00', '0'),
(502, 94, 497, '2017-09-05', '375.00', '331787'),
(503, 94, 498, '2017-09-05', '375.00', '331787'),
(504, 94, 499, '2017-09-05', '375.00', '331787'),
(505, 0, 445, '2016-01-01', '0.00', '0'),
(506, 0, 481, '2016-01-01', '0.00', '0'),
(507, 0, 482, '2016-01-01', '0.00', '0'),
(508, 0, 483, '2016-01-01', '0.00', '0'),
(509, 1, 485, '2017-08-05', '30.00', '123'),
(510, 35, 500, '2017-08-07', '990.00', '127'),
(511, 35, 501, '2017-08-07', '905.00', '127'),
(512, 62, 503, '2017-08-18', '450.00', '7123899'),
(513, 97, 502, '2017-09-08', '1750.00', '8426480'),
(514, 98, 504, '2017-08-18', '4250.00', '7123896'),
(515, 0, 505, '2016-01-01', '0.00', '0'),
(516, 47, 507, '2017-10-03', '505.70', '171787'),
(517, 54, 506, '2017-09-29', '480.00', '889988'),
(518, 0, 508, '2016-01-01', '0.00', '0'),
(519, 52, 509, '2017-11-13', '580.00', '962986'),
(520, 21, 512, '2017-09-08', '505.70', '9493789'),
(521, 0, 513, '2016-01-01', '0.00', '0'),
(522, 26, 514, '2018-01-18', '580.00', '22656694'),
(523, 25, 515, '2016-01-01', '580.00', '0'),
(524, 24, 516, '2018-01-22', '580.00', '22666465'),
(525, 47, 517, '2017-11-21', '505.70', '971771'),
(526, 0, 519, '2016-01-01', '0.00', '0'),
(527, 81, 520, '2017-09-06', '5800.00', '1252316'),
(528, 35, 521, '2017-09-12', '695.00', '138'),
(529, 28, 518, '2017-10-24', '1361.25', '1394298'),
(530, 2, 511, '2017-09-05', '580.00', '331786'),
(531, 94, 510, '2017-09-11', '375.00', '91237445'),
(532, 49, 522, '2017-12-14', '195.00', '2517702'),
(533, 49, 523, '2017-12-14', '195.00', '2517702'),
(534, 87, 524, '2017-09-25', '700.00', '7710312'),
(535, 54, 526, '2017-10-16', '480.00', '889989'),
(536, 26, 530, '2018-01-18', '580.00', '22656694'),
(537, 24, 531, '2016-01-01', '580.00', '0'),
(538, 25, 532, '2016-01-01', '580.00', '0'),
(539, 52, 533, '2017-12-28', '580.00', '2401128'),
(540, 2, 527, '2017-10-04', '580.00', '5050333'),
(541, 21, 528, '2017-10-16', '505.70', '5050338'),
(542, 94, 529, '2017-10-11', '375.00', '91270210'),
(543, 0, 534, '2016-01-01', '0.00', '0'),
(544, 47, 536, '2017-11-21', '505.70', '971771'),
(545, 0, 525, '2016-01-01', '0.00', '0'),
(546, 48, 537, '2017-10-23', '1125.00', '7901258'),
(547, 99, 535, '2017-10-05', '1000.00', '5050334'),
(548, 28, 538, '2017-11-21', '1472.55', '971770'),
(549, 38, 539, '2017-10-16', '426.90', '889989'),
(550, 0, 540, '2016-01-01', '0.00', '0'),
(551, 89, 541, '2017-12-29', '1500.00', '889987'),
(552, 0, 546, '2016-01-01', '0.00', '0'),
(553, 29, 547, '2017-10-18', '580.00', '22316507'),
(554, 29, 548, '2017-10-18', '630.00', '22316507'),
(555, 29, 549, '2017-10-18', '605.00', '22316507'),
(556, 0, 552, '2016-01-01', '0.00', '0'),
(557, 35, 553, '2017-10-26', '715.00', '60492789'),
(558, 91, 554, '2017-12-12', '453.00', '40600767'),
(559, 0, 555, '2016-01-01', '0.00', '0'),
(560, 0, 556, '2016-01-01', '0.00', '0'),
(561, 0, 557, '2017-11-03', '580.00', '0'),
(562, 94, 558, '2017-12-09', '375.00', '91303311'),
(563, 0, 559, '2016-01-01', '0.00', '0'),
(564, 0, 560, '2016-01-01', '0.00', '0'),
(565, 21, 561, '2017-11-03', '505.70', '1802657'),
(566, 52, 562, '2017-12-28', '580.00', '2401129'),
(567, 25, 563, '2016-01-01', '580.00', '0'),
(568, 26, 564, '2018-01-18', '580.00', '22656694'),
(569, 24, 565, '2016-01-01', '580.00', '0'),
(570, 47, 566, '2018-03-13', '505.70', '4465854'),
(571, 53, 542, '2017-10-31', '580.00', '5669573'),
(572, 53, 543, '2017-10-31', '605.00', '5669573'),
(573, 53, 544, '2017-10-31', '605.00', '5669573'),
(574, 53, 545, '2017-10-31', '1235.00', '5669573'),
(575, 54, 551, '2017-11-17', '480.00', '510636'),
(576, 100, 550, '2017-10-29', '2700.00', '6897785'),
(577, 28, 567, '2017-12-18', '1606.05', '2756051'),
(578, 87, 568, '2017-12-07', '700.00', '2261895'),
(579, 2, 570, '2017-11-03', '580.00', '5050337'),
(580, 21, 574, '2017-12-04', '505.70', '1588472'),
(581, 0, 575, '2016-01-01', '580.00', '0'),
(582, 0, 576, '2016-01-01', '375.00', '0'),
(583, 0, 577, '2016-01-01', '580.00', '0'),
(584, 0, 578, '2016-01-01', '580.00', '0'),
(585, 0, 579, '2016-01-01', '580.00', '0'),
(586, 47, 580, '2018-03-13', '505.70', '4465854'),
(587, 0, 582, '2016-01-01', '1651.65', '0'),
(588, 2, 583, '2017-12-05', '580.00', '1681270'),
(589, 0, 569, '2016-01-01', '0.00', '0'),
(590, 24, 584, '2016-01-01', '580.00', '0'),
(591, 94, 585, '2017-12-08', '375.00', '91360274'),
(592, 26, 587, '2018-02-26', '580.00', '22800487'),
(593, 25, 588, '2016-01-01', '580.00', '0'),
(594, 28, 589, '2018-01-16', '1651.65', '3045739'),
(595, 38, 590, '2017-12-14', '310.45', '2517701'),
(596, 100, 605, '2018-01-02', '2700.00', '2212743'),
(597, 54, 571, '2017-12-18', '480.00', '2756052'),
(598, 0, 572, '2016-01-01', '0.00', '0'),
(599, 0, 573, '2016-01-01', '580.00', '0'),
(600, 100, 581, '2018-01-02', '2700.00', '2257019'),
(601, 54, 592, '2018-01-23', '480.00', '1055639'),
(602, 94, 596, '2018-01-09', '375.00', '91409162'),
(603, 2, 597, '2018-01-16', '580.00', '3045738'),
(604, 21, 598, '2018-01-16', '505.70', '3045740'),
(605, 0, 599, '2016-01-01', '0.00', '0'),
(606, 0, 600, '2016-01-01', '0.00', '0'),
(607, 0, 601, '2016-01-01', '0.00', '0'),
(608, 52, 602, '2018-03-02', '580.00', '5493055'),
(609, 93, 604, '2017-12-15', '1275.00', '2338686'),
(610, 47, 609, '2018-03-13', '505.70', '4465854'),
(611, 25, 606, '2016-01-01', '580.00', '0'),
(612, 26, 607, '2018-02-26', '580.00', '22800488'),
(613, 24, 608, '2016-01-01', '580.00', '0'),
(614, 29, 593, '2018-01-08', '605.00', '22617629'),
(615, 29, 594, '2018-01-08', '680.00', '22617629'),
(616, 29, 595, '2018-01-08', '680.00', '22617629'),
(617, 0, 612, '2016-01-01', '580.00', '0'),
(618, 54, 614, '2016-01-01', '480.00', '0'),
(619, 99, 615, '2018-01-19', '1000.00', '3184913'),
(620, 0, 616, '2016-01-01', '0.00', '0'),
(621, 101, 611, '2017-12-02', '580.00', '2257020'),
(622, 101, 613, '2016-01-01', '580.00', '0'),
(623, 102, 617, '2018-01-08', '1000.00', '3674024'),
(624, 48, 620, '2016-01-01', '1125.00', '0'),
(625, 87, 610, '2018-02-07', '700.00', '3047793'),
(626, 48, 620, '2018-02-05', '1125.00', '3047794'),
(627, 21, 633, '2018-02-07', '505.70', '1029225'),
(628, 52, 591, '2018-02-05', '580.00', '3047795'),
(629, 100, 625, '2018-02-02', '2700.00', '4330805'),
(630, 103, 632, '2018-02-07', '1000.00', '1029224'),
(631, 94, 624, '2018-02-06', '375.00', '91448829'),
(632, 54, 614, '2018-02-19', '480.00', '4535701'),
(633, 35, 618, '2017-12-21', '745.00', '61725904'),
(634, 35, 622, '2018-01-31', '870.00', '62558174'),
(635, 35, 619, '2017-11-15', '1280.00', '60900980'),
(636, 35, 644, '2018-02-14', '395.00', '62731515'),
(637, 101, 613, '2018-01-08', '580.00', '1025483'),
(638, 28, 603, '2018-02-26', '1080.00', '5810478'),
(639, 28, 642, '2018-03-15', '1261.50', '6824786'),
(640, 97, 639, '2018-02-21', '1750.00', '50601633'),
(641, 105, 637, '2018-02-19', '1000.00', '4535701'),
(642, 104, 638, '2018-02-08', '1000.00', '38'),
(643, 106, 641, '2018-03-02', '409.80', '5493055'),
(644, 106, 636, '2018-02-19', '2891.65', '4535701'),
(645, 100, 655, '2018-03-04', '2700.00', '5571986'),
(646, 29, 654, '2018-03-05', '580.00', '22842431'),
(647, 21, 647, '2018-03-06', '505.70', '5372515'),
(648, 94, 646, '2018-03-07', '375.00', '91489760'),
(649, 87, 659, '2018-03-08', '700.00', '5316169'),
(650, 47, 630, '2018-03-13', '505.70', '4465854'),
(651, 47, 653, '2018-03-13', '505.70', '4465854'),
(652, 53, 657, '2018-03-28', '1765.00', '5378054'),
(653, 25, 488, '2018-03-12', '580.00', '22866795'),
(654, 25, 515, '2018-03-12', '580.00', '22866796'),
(655, 25, 532, '2018-03-12', '580.00', '22866797'),
(656, 25, 563, '2018-03-12', '580.00', '22866798'),
(657, 25, 588, '2018-03-12', '580.00', '22866799'),
(658, 25, 606, '2018-03-12', '580.00', '22866800'),
(659, 25, 627, '2018-03-12', '580.00', '22866801'),
(660, 25, 651, '2018-03-12', '580.00', '22866802'),
(661, 24, 531, '2018-04-10', '580.00', '22985291'),
(662, 24, 565, '2018-04-10', '580.00', '22985292'),
(663, 109, 705, '2018-05-18', '1000.00', '10180901'),
(664, 109, 710, '2018-05-31', '192.50', '9861253'),
(665, 109, 714, '2018-06-04', '157.50', '9860424'),
(666, 24, 584, '2018-05-17', '580.00', '23149018'),
(667, 52, 623, '2018-04-06', '580.00', '7637331'),
(668, 26, 629, '2018-04-13', '580.00', '23000808'),
(669, 2, 631, '2018-04-13', '580.00', '114'),
(670, 2, 648, '2018-04-13', '580.00', '114'),
(671, 52, 649, '2018-05-07', '580.00', '9188328'),
(672, 26, 650, '2018-04-23', '580.00', '23037931'),
(673, 28, 658, '2018-05-21', '1087.50', '9184467'),
(674, 94, 661, '2018-04-06', '375.00', '91539574'),
(675, 21, 665, '2018-03-28', '505.70', '2712353'),
(676, 100, 666, '2018-03-28', '2700.00', '8145342'),
(677, 26, 670, '2018-05-14', '580.00', '23127283'),
(678, 2, 672, '2018-04-13', '580.00', '114'),
(679, 48, 675, '2018-05-07', '1125.00', '9188328'),
(680, 28, 676, '2018-05-21', '1080.00', '9184467'),
(681, 100, 681, '2018-05-30', '2700.00', '20'),
(682, 94, 683, '2018-05-07', '375.00', '91587584'),
(683, 2, 691, '2018-05-02', '580.00', '482'),
(684, 21, 692, '2018-04-30', '505.70', '9070192'),
(685, 35, 697, '2018-05-14', '285.00', '64393161'),
(686, 108, 698, '2018-05-17', '2000.00', '6575632'),
(687, 87, 700, '2018-06-06', '700.00', '11425553'),
(688, 63, 701, '2018-03-23', '400.00', '5762916'),
(689, 104, 707, '2018-05-22', '1000.00', '50602218'),
(690, 103, 708, '2018-05-15', '1048.30', '40600785'),
(691, 21, 716, '2018-06-01', '505.70', '6644975'),
(692, 2, 717, '2018-06-01', '580.00', '336'),
(693, 94, 723, '2018-06-06', '375.00', '91629712'),
(694, 100, 724, '2018-06-04', '2700.00', '21'),
(695, 99, 703, '2018-05-21', '1000.00', '50607540'),
(696, 109, 706, '2018-05-26', '227.50', '11231393'),
(697, 25, 1804, '2018-03-12', '580.00', '22866803'),
(698, 25, 687, '2018-04-09', '580.00', '22978799'),
(699, 25, 720, '2018-05-09', '580.00', '23111654'),
(700, 25, 732, '2018-06-05', '580.00', '23229919'),
(701, 26, 685, '2018-06-28', '580.00', '23329802'),
(702, 21, 730, '2018-06-29', '505.70', '11550447'),
(703, 52, 663, '2018-06-15', '580.00', '10677426'),
(704, 38, 696, '2018-06-15', '838.95', '10677427'),
(705, 28, 693, '2018-06-15', '1223.70', '10677427'),
(706, 94, 734, '2018-07-06', '375.00', '91669386'),
(707, 100, 735, '2018-07-05', '2700.00', '22'),
(708, 2, 729, '2018-07-07', '580.00', '10107175'),
(709, 26, 719, '2018-07-09', '580.00', '23382227'),
(710, 25, 758, '2018-07-16', '580.00', '23418477'),
(711, 24, 608, '2018-07-23', '580.00', '23454182'),
(712, 24, 626, '2018-07-23', '580.00', '23454183'),
(713, 24, 652, '2018-07-23', '580.00', '23454184'),
(714, 28, 726, '2018-07-25', '1080.00', '6690685'),
(715, 52, 695, '2018-07-25', '580.00', '6690685'),
(716, 87, 743, '2018-07-26', '700.00', '7718493'),
(717, 29, 745, '2018-08-01', '2520.00', '23502597'),
(718, 21, 754, '2018-08-01', '505.70', '2288809'),
(719, 94, 750, '2018-08-06', '375.00', '91709277'),
(720, 2, 751, '2018-08-07', '580.00', '15070993'),
(721, 103, 757, '2018-08-14', '1069.60', '40600948'),
(722, 110, 756, '2018-08-20', '1000.00', '12938893'),
(723, 26, 731, '2018-08-24', '580.00', '23611254'),
(724, 52, 718, '2018-08-27', '580.00', '12936677'),
(725, 52, 741, '2018-08-27', '580.00', '12936677'),
(726, 81, 761, '2018-08-30', '5800.00', '12691985'),
(727, 28, 744, '2018-08-30', '850.00', '12691986'),
(728, 21, 767, '2018-08-31', '505.70', '12448405'),
(729, 100, 760, '2018-08-07', '2700.00', '15070992'),
(730, 100, 765, '2018-09-05', '2700.00', '23'),
(731, 94, 769, '2018-09-06', '375.00', '91746457'),
(732, 48, 763, '2018-09-07', '1125.00', '13032543'),
(733, 26, 747, '2018-09-10', '580.00', '23691731'),
(734, 25, 771, '2018-09-10', '580.00', '23756103'),
(735, 28, 762, '2018-10-02', '932.50', '14525471'),
(736, 100, 801, '2018-10-03', '2700.00', '25'),
(737, 94, 800, '2018-10-08', '375.00', '91788219'),
(738, 25, 797, '2018-10-15', '580.00', '23864135'),
(739, 52, 749, '2018-10-15', '580.00', '14412033'),
(740, 2, 768, '2018-10-17', '580.00', '504'),
(741, 2, 794, '2018-10-17', '580.00', '504'),
(742, 26, 771, '2018-10-23', '580.00', '23903394'),
(743, 24, 671, '2018-10-23', '580.00', '23903395'),
(744, 24, 688, '2018-10-23', '580.00', '23903396'),
(745, 24, 721, '2018-10-23', '580.00', '23903397'),
(746, 28, 777, '2018-10-27', '934.90', '15655874'),
(747, 2, 811, '2018-11-02', '580.00', '865'),
(748, 94, 810, '2018-11-05', '375.00', '15965959'),
(749, 100, 830, '2018-11-06', '2700.00', '27'),
(750, 24, 738, '2018-11-12', '580.00', '24004337'),
(751, 52, 774, '2018-11-27', '580.00', '17012014'),
(752, 109, 848, '2018-11-30', '2156.00', '17000605'),
(753, 28, 781, '2018-12-05', '850.00', '17014176'),
(754, 94, 840, '2018-12-05', '375.00', '91877346'),
(755, 100, 846, '2018-12-06', '2700.00', '30'),
(756, 48, 819, '2018-12-10', '1125.00', '17095511'),
(757, 29, 851, '2018-12-12', '3092.50', '24180015'),
(758, 53, 739, '2018-12-24', '2507.50', '50607002'),
(759, 52, 806, '2018-12-27', '580.00', '17019978'),
(760, 28, 832, '2018-12-28', '1032.70', '15706494'),
(761, 87, 804, '2018-10-19', '700.00', '24'),
(762, 87, 822, '2018-11-20', '700.00', '25'),
(763, 2, 858, '2019-01-03', '580.00', '527'),
(764, 21, 859, '2019-01-03', '505.70', '17441296'),
(765, 94, 862, '2019-01-04', '375.00', '18814133'),
(766, 100, 868, '2019-01-06', '2700.00', '32'),
(767, 24, 746, '2019-01-09', '580.00', '24324386'),
(768, 26, 798, '2019-01-09', '580.00', '24324387'),
(769, 25, 817, '2019-01-21', '580.00', '24387581'),
(770, 26, 816, '2019-01-21', '580.00', '24387582'),
(771, 53, 850, '2019-01-16', '2947.50', '50606121'),
(772, 28, 837, '2019-01-24', '1300.00', '17013078'),
(773, 48, 857, '2019-01-24', '1125.00', '17013079'),
(774, 97, 849, '2019-01-28', '1750.00', '50605393'),
(775, 87, 856, '2019-01-03', '700.00', '26'),
(776, 25, 845, '2018-10-23', '580.00', '23903398'),
(777, 21, 793, '2018-10-08', '505.70', '14415729'),
(778, 21, 813, '2018-11-30', '505.70', '15264173'),
(779, 21, 835, '2018-11-30', '505.70', '15264173'),
(780, 21, 873, '2019-02-04', '505.70', '19035097'),
(781, 52, 814, '2019-02-05', '580.00', '18689945'),
(782, 100, 882, '2019-02-06', '2700.00', '33'),
(783, 94, 870, '2019-02-07', '375.00', '5087013'),
(784, 28, 888, '2019-02-11', '850.00', '20089789'),
(785, 52, 842, '2019-02-11', '580.00', '20089790'),
(786, 25, 867, '2019-02-18', '580.00', '24539671'),
(787, 103, 883, '2019-02-26', '1175.20', '40600961'),
(788, 24, 773, '2019-02-28', '580.00', '24598720'),
(789, 24, 799, '2019-02-28', '580.00', '24598721'),
(790, 25, 881, '2019-02-28', '580.00', '24598720'),
(791, 103, 820, '2018-11-22', '1179.90', '40600620'),
(792, 26, 844, '2019-03-01', '580.00', '24610155'),
(793, 100, 901, '2019-03-04', '2700.00', '34'),
(794, 21, 891, '2019-03-05', '505.70', '21086367'),
(795, 52, 864, '2019-03-07', '580.00', '15705563'),
(796, 48, 871, '2019-03-07', '1125.00', '15705563'),
(797, 28, 888, '2019-03-07', '891.70', '15705563'),
(798, 26, 866, '2019-03-11', '580.00', '24665974'),
(799, 24, 831, '2019-03-11', '580.00', '24665975'),
(800, 94, 892, '2019-03-12', '375.00', '21680514'),
(801, 53, 895, '2019-03-12', '1790.00', '50605141'),
(802, 2, 893, '2019-03-15', '580.00', '1210'),
(803, 2, 872, '2019-03-15', '580.00', '1210'),
(804, 115, 896, '2019-03-19', '2000.00', '15701838'),
(805, 25, 902, '2019-03-28', '580.00', '24763038'),
(806, 104, 827, '2018-11-16', '1000.00', '57'),
(807, 104, 828, '2019-03-30', '1000.00', '69'),
(808, 2, 836, '2018-12-04', '580.00', '714'),
(809, 2, 905, '2019-04-05', '580.00', '148'),
(810, 21, 906, '2019-04-05', '505.70', '17408282'),
(811, 100, 914, '2019-04-05', '2700.00', '35'),
(812, 26, 880, '2019-04-15', '580.00', '24873166'),
(813, 94, 913, '2019-04-26', '375.00', '15922751'),
(814, 24, 843, '2019-04-30', '580.00', '24937908'),
(815, 87, 898, '2019-04-30', '700.00', '34'),
(816, 24, 865, '2019-05-24', '580.00', '25095892'),
(817, 24, 878, '2019-06-17', '580.00', '25236621'),
(818, 28, 890, '2019-04-25', '850.00', '21022656'),
(819, 52, 876, '2019-04-25', '580.00', '21022656'),
(820, 62, 915, '2019-05-01', '300.00', '21022656'),
(821, 21, 922, '2019-05-02', '505.70', '22720428'),
(822, 100, 927, '2019-05-06', '2700.00', '36'),
(823, 28, 907, '2019-05-06', '850.00', '21021008'),
(824, 52, 889, '2019-05-06', '580.00', '21021008'),
(825, 94, 923, '2019-05-08', '375.00', '15920129'),
(826, 25, 912, '2019-05-13', '580.00', '25024448'),
(827, 112, 887, '2019-05-13', '210.00', '21021326'),
(828, 112, 932, '2019-05-13', '2000.00', '21021326'),
(829, 104, 928, '2019-05-16', '1000.00', '73'),
(830, 25, 926, '2019-05-24', '580.00', '25095893'),
(831, 26, 900, '2019-05-24', '580.00', '25099276'),
(832, 117, 934, '2019-05-29', '1000.00', '22049914'),
(833, 2, 921, '2019-05-31', '580.00', '962'),
(834, 2, 935, '2019-06-05', '580.00', '318'),
(835, 21, 936, '2019-06-05', '505.70', '22942467'),
(836, 94, 937, '2019-06-06', '375.00', '23017723'),
(837, 28, 918, '2019-06-04', '850.00', '23369524'),
(838, 97, 944, '2019-06-07', '1750.00', '50604410'),
(839, 26, 911, '2019-06-10', '580.00', '25195800'),
(840, 103, 946, '2019-06-10', '1262.20', '40601519'),
(841, 100, 942, '2019-06-11', '2700.00', '21017432'),
(842, 48, 920, '2019-06-11', '1125.00', '21017433'),
(843, 52, 909, '2019-06-11', '580.00', '21017433'),
(844, 116, 943, '2019-06-13', '1000.00', '23194019'),
(845, 25, 941, '2019-06-17', '580.00', '25236622'),
(846, 21, 956, '2019-07-04', '505.70', '24814608'),
(847, 94, 950, '2019-07-05', '375.00', '24259148'),
(848, 100, 958, '2019-07-16', '500.00', '204'),
(849, 100, 958, '2019-07-05', '2200.00', '39'),
(850, 26, 925, '2019-07-08', '580.00', '25366776'),
(851, 24, 899, '2019-07-09', '580.00', '25377680'),
(852, 28, 945, '2019-07-10', '797.50', '23199051'),
(853, 52, 917, '2019-07-10', '580.00', '23199052'),
(854, 2, 955, '2019-07-11', '580.00', '727'),
(855, 25, 954, '2019-07-15', '580.00', '25415447'),
(856, 87, 919, '2019-07-25', '700.00', '24141825'),
(857, 25, 970, '2019-08-14', '580.00', '25633322'),
(858, 24, 910, '2019-08-20', '580.00', '25668709'),
(859, 109, 947, '2019-08-01', '1115.00', '21055796'),
(860, 53, 948, '2019-08-01', '1740.00', '25377093'),
(861, 53, 963, '2019-08-01', '580.00', '25377093'),
(862, 21, 965, '2019-08-02', '505.70', '24502677'),
(863, 2, 964, '2019-08-07', '580.00', '454'),
(864, 52, 938, '2019-08-08', '580.00', '17017138'),
(865, 81, 973, '2019-08-14', '5800.00', '25376890'),
(866, 116, 930, '2019-02-28', '1000.00', '20092425'),
(867, 62, 961, '2019-07-19', '600.00', '24137065'),
(868, 100, 971, '2019-07-30', '2700.00', '40'),
(869, 29, 978, '2019-08-12', '4596.00', '25615091'),
(870, 119, 976, '2019-08-13', '1000.00', '25179183'),
(871, 94, 975, '2019-08-20', '375.00', '15915632'),
(872, 118, 962, '2019-08-23', '460.00', '25368356'),
(873, 28, 960, '2019-08-23', '850.00', '25368357'),
(874, 26, 940, '2019-08-27', '580.00', '25713878'),
(875, 26, 953, '2019-09-17', '580.00', '25862281'),
(876, 24, 924, '2019-09-09', '580.00', '25809202'),
(877, 2, 983, '2019-09-02', '580.00', '1103'),
(878, 100, 988, '2019-09-03', '2700.00', '42'),
(879, 52, 957, '2019-09-05', '580.00', '21017777'),
(880, 94, 982, '2019-09-06', '375.00', '4586037'),
(881, 116, 995, '2019-09-13', '1000.00', '26512432'),
(882, 26, 969, '2019-09-24', '580.00', '25911068'),
(883, 115, 993, '2019-09-19', '140.00', '21021930'),
(884, 103, 996, '2019-09-19', '1183.00', '40600984'),
(885, 87, 994, '2019-09-26', '700.00', '24274944'),
(886, 87, 997, '2019-09-26', '700.00', '24274944'),
(887, 113, 1000, '2019-09-30', '2000.00', '50601721'),
(888, 113, 885, '2019-02-08', '2000.00', '50602140'),
(889, 104, 998, '2019-09-27', '1000.00', '50604979'),
(890, 25, 987, '2019-09-30', '580.00', '25950421'),
(891, 28, 974, '2019-09-30', '850.00', '15698825'),
(892, 104, 992, '2019-08-19', '1000.00', '50604433'),
(893, 21, 984, '2019-10-02', '505.70', '59527'),
(894, 100, 1009, '2019-10-02', '2700.00', '45'),
(895, 2, 1001, '2019-10-04', '580.00', '250'),
(896, 24, 939, '2019-10-08', '580.00', '26023492'),
(897, 94, 1004, '2019-10-08', '375.00', '26545432'),
(898, 52, 967, '2019-10-10', '580.00', '21020567'),
(899, 120, 989, '2019-05-01', '2000.00', '21018230'),
(900, 120, 1011, '2019-10-13', '2000.00', '385856'),
(901, 109, 1014, '2019-10-14', '1000.00', '460044'),
(902, 29, 1013, '2019-10-14', '1815.00', '26066355'),
(903, 26, 986, '2019-10-22', '580.00', '26116713'),
(904, 25, 1008, '2019-10-28', '580.00', '26156110'),
(905, 24, 952, '2019-10-31', '580.00', '26187328'),
(906, 21, 1003, '2019-10-31', '505.70', '1257060'),
(907, 2, 1015, '2019-11-04', '580.00', '1284'),
(908, 100, 1022, '2019-11-05', '2700.00', '46'),
(909, 94, 1017, '2019-11-07', '375.00', '25306268'),
(910, 28, 991, '2019-11-08', '850.00', '846562'),
(911, 24, 968, '2019-11-11', '580.00', '26267340'),
(912, 53, 1026, '2019-11-14', '2320.00', '13032321'),
(913, 52, 979, '2019-11-14', '580.00', '13032322'),
(914, 97, 1025, '2019-11-14', '1750.00', '50601591'),
(915, 26, 1007, '2019-11-18', '580.00', '26320428'),
(916, 28, 1010, '2019-11-21', '850.00', '15696324'),
(917, 103, 1032, '2019-11-25', '1151.50', '40601376'),
(918, 87, 1031, '2019-11-26', '350.00', '41'),
(919, 87, 1031, '2019-11-26', '350.00', '42'),
(920, 21, 1016, '2019-11-28', '505.70', '2111301'),
(921, 112, 1034, '2019-11-30', '2000.00', '7912885'),
(922, 2, 1035, '2019-12-03', '580.00', '982'),
(923, 100, 1042, '2019-12-05', '2700.00', '2164628'),
(924, 52, 1005, '2019-12-05', '580.00', '2164628'),
(925, 94, 1037, '2019-12-05', '375.00', '92509027'),
(926, 123, 1043, '2019-12-11', '400.00', '2176500'),
(927, 24, 985, '2019-12-18', '580.00', '26598755'),
(928, 24, 1006, '2019-12-30', '580.00', '26678610'),
(929, 26, 1020, '2019-12-23', '580.00', '26638347'),
(930, 2, 1053, '2020-01-02', '580.00', '1096'),
(931, 119, 1066, '2020-01-03', '1000.00', '26710526'),
(932, 52, 1018, '2020-01-05', '580.00', '1986448'),
(933, 21, 1036, '2020-01-05', '505.70', '2116957'),
(934, 100, 1060, '2020-01-07', '2700.00', '2171926'),
(935, 28, 1024, '2020-01-07', '850.00', '2171927'),
(936, 94, 1065, '2020-01-10', '375.00', '2602372'),
(937, 25, 1021, '2020-01-13', '580.00', '26788492'),
(938, 25, 1041, '2020-01-13', '580.00', '26788493'),
(939, 116, 1068, '2019-12-16', '1000.00', '219'),
(940, 29, 1070, '2020-01-02', '976.00', '26704449'),
(941, 104, 1072, '2020-01-13', '1000.00', '50605384'),
(942, 108, 1029, '2019-06-04', '1000.00', '23369524'),
(943, 62, 1071, '2020-01-14', '700.00', '3287010'),
(944, 62, 1073, '2020-01-21', '350.00', '2180459'),
(945, 62, 1075, '2020-01-21', '150.00', '2180459'),
(946, 87, 1074, '2020-01-30', '700.00', '48'),
(947, 100, 1083, '2020-02-03', '2700.00', '48'),
(948, 25, 1059, '2020-02-04', '580.00', '26982500'),
(949, 2, 1076, '2020-02-05', '580.00', '408'),
(950, 98, 1084, '2020-02-05', '225.00', '3286070'),
(951, 21, 1055, '2020-02-05', '505.70', '4012439'),
(952, 94, 1078, '2020-02-07', '375.00', '92614150'),
(953, 52, 1038, '2020-02-08', '580.00', '3915343'),
(954, 28, 1044, '2020-02-13', '850.00', '7297273'),
(955, 26, 1040, '2020-02-17', '580.00', '27084061'),
(956, 26, 1058, '2020-02-21', '580.00', '27131122'),
(957, 26, 1081, '2020-02-21', '580.00', '27131123'),
(958, 28, 1063, '2020-02-23', '850.00', '3930780'),
(959, 29, 1088, '2020-02-21', '963.00', '27131797'),
(960, 103, 1087, '2020-02-21', '1171.60', '40601549'),
(961, 119, 1090, '2020-02-28', '1000.00', '27175631'),
(962, 21, 1077, '2020-03-03', '505.70', '5050038'),
(963, 52, 1052, '2020-03-06', '580.00', '4892039'),
(964, 28, 1085, '2020-03-12', '850.00', '4889865'),
(965, 25, 1082, '2020-03-17', '580.00', '27344026'),
(966, 94, 1092, '2020-03-04', '375.00', '23019263'),
(967, 2, 1093, '2020-03-05', '580.00', '447'),
(968, 122, 1094, '2020-03-10', '70.00', '4885755'),
(969, 122, 1086, '2020-01-15', '2000.00', '7830799'),
(970, 94, 1100, '2020-04-06', '375.00', '92715499'),
(971, 21, 1095, '2020-04-07', '505.70', '5052800'),
(972, 2, 1119, '2020-04-14', '580.00', '645'),
(973, 26, 1098, '2020-04-27', '580.00', '27696852'),
(974, 120, 1132, '2020-04-29', '1000.00', '13682539'),
(975, 28, 1145, '2020-04-14', '850.00', '4069025'),
(976, 28, 1146, '2020-05-07', '850.00', '5524717'),
(977, 21, 1120, '2020-05-05', '505.70', '4405733'),
(978, 26, 1106, '2020-05-04', '580.00', '27767697'),
(979, 26, 1135, '2020-05-04', '580.00', '27767698'),
(980, 94, 1138, '2020-05-06', '375.00', '92779284'),
(981, 29, 1150, '2020-05-06', '1542.00', '27809337'),
(982, 2, 1140, '2020-05-08', '580.00', '652'),
(983, 87, 1127, '2020-05-12', '525.00', '50624788'),
(984, 25, 1099, '2020-05-19', '580.00', '27919574'),
(985, 25, 1109, '2020-05-19', '580.00', '27919575'),
(986, 103, 1155, '2020-05-19', '1074.00', '40602812'),
(987, 112, 1158, '2020-05-19', '2000.00', '27917285'),
(988, 124, 1151, '2020-06-03', '1000.00', '7624695'),
(989, 120, 1152, '2020-06-03', '1000.00', '7624696'),
(990, 21, 1142, '2020-06-03', '505.70', '7612592'),
(991, 94, 1163, '2020-06-08', '375.00', '92849814'),
(992, 25, 1136, '2020-06-08', '580.00', '28081886'),
(993, 28, 1153, '2020-06-09', '850.00', '28092656'),
(994, 116, 1125, '2020-03-06', '1000.00', '4892039'),
(995, 53, 1121, '2020-03-03', '1740.00', '50613000'),
(996, 104, 1123, '2020-03-05', '1000.00', '50604924'),
(997, 104, 1160, '2020-05-21', '1000.00', '50613329'),
(998, 113, 1124, '2020-03-09', '1000.00', '50616847'),
(999, 97, 1167, '2020-06-09', '1250.00', '50614703');

-- --------------------------------------------------------

--
-- Table structure for table `paquete`
--

CREATE TABLE `paquete` (
  `idpaquete` int(11) NOT NULL,
  `nombrePaquete` varchar(45) COLLATE utf8_spanish2_ci DEFAULT NULL,
  `totalPaquete` decimal(11,2) NOT NULL,
  `descuento` decimal(11,2) NOT NULL
) ENGINE=InnoDB DEFAULT CHARSET=utf8 COLLATE=utf8_spanish2_ci;

--
-- Dumping data for table `paquete`
--

INSERT INTO `paquete` (`idpaquete`, `nombrePaquete`, `totalPaquete`, `descuento`) VALUES
(1, 'Oficina Virtual Trimestre', '1000.00', '0.00'),
(2, 'Oficina Virtual Semestral', '2000.00', '0.00'),
(3, 'Oficina Virtual Anual', '4000.00', '0.00'),
(4, 'Oficina virtual Ferregua', '1000.00', '0.00'),
(5, 'Oficina Virtual Dra. Gylari Calderón', '2700.00', '0.00'),
(6, 'Oficina Virtual Mensual', '580.00', '0.00'),
(7, 'Paquete Especial Actualiza', '850.00', '0.00'),
(8, 'Paquete Especial Amilcar Mijangos', '333.00', '0.00'),
(9, 'Paquete Especial Mantese', '580.00', '0.00'),
(10, 'Paquete Especial Montecarlo', '5800.00', '0.00'),
(11, 'Paquete Especial Air Ocean Diverse', '700.00', '0.00'),
(12, 'Paquete Especial Inversiones Pentandra', '700.00', '0.00'),
(13, 'Paquete Especial Probaza Semestral', '1750.00', '0.00'),
(14, 'Paquete Especial Wootex, trimestral', '1000.00', '0.00'),
(15, 'Paquete Especial Doctor Fabricio Lopez', '2300.00', '0.00'),
(16, 'Paquete Especial Camilo Alvarez', '3170.00', '0.00'),
(17, 'Paquete Especial Reyes y Asociados', '2700.00', '0.00');

-- --------------------------------------------------------

--
-- Table structure for table `pedido`
--

CREATE TABLE `pedido` (
  `idRegistro` int(11) NOT NULL,
  `idEmpresa` int(11) NOT NULL,
  `idUsuario` int(11) NOT NULL,
  `direccionEntrega` varchar(255) COLLATE utf8_spanish2_ci NOT NULL,
  `contactoEntrega` varchar(255) COLLATE utf8_spanish2_ci NOT NULL,
  `nombreFactura` varchar(255) COLLATE utf8_spanish2_ci NOT NULL,
  `nit` varchar(255) COLLATE utf8_spanish2_ci NOT NULL,
  `pedido` varchar(255) COLLATE utf8_spanish2_ci NOT NULL,
  `detalle` longtext COLLATE utf8_spanish2_ci NOT NULL,
  `fechaRegistro` varchar(255) COLLATE utf8_spanish2_ci NOT NULL,
  `estadoIniciado` int(11) NOT NULL,
  `estadoEnProceso` int(11) DEFAULT NULL,
  `fechaProceso` varchar(255) COLLATE utf8_spanish2_ci DEFAULT NULL,
  `estadoCompleto` int(11) DEFAULT NULL,
  `fechaCompleto` varchar(255) COLLATE utf8_spanish2_ci DEFAULT NULL
) ENGINE=InnoDB DEFAULT CHARSET=utf8 COLLATE=utf8_spanish2_ci;

--
-- Dumping data for table `pedido`
--

INSERT INTO `pedido` (`idRegistro`, `idEmpresa`, `idUsuario`, `direccionEntrega`, `contactoEntrega`, `nombreFactura`, `nit`, `pedido`, `detalle`, `fechaRegistro`, `estadoIniciado`, `estadoEnProceso`, `fechaProceso`, `estadoCompleto`, `fechaCompleto`) VALUES
(7, 3, 2, '8va calle 15 -13 zona 12  cerca de burguer king', 'Jose martin', 'Sociedad Anonima 13', '123123123', 'Titulo pedido', 'Recolectar biopsia y llevar', '5/5/2020 08:00', 1, 1, '20/05/2020 20:19:14', 1, '21/05/2020 12:11:19'),
(8, 3, 1, 'manazana', '0', 'maria', '4434534', '4434534', 'cerca de la escuela', '20/05/2020 08:47:05', 1, 1, '21/05/2020 19:56:16', 1, '21/05/2020 19:56:18'),
(9, 127, 1, '8va calle 16-34', 'Marian Rose', 'Marian', '123123123', '123123123', 'Lo pide antes de las 10:00 de la maña.', '21/05/2020 21:07:21', 1, 0, 'sin completar', 0, 'sin completar'),
(10, 27, 1, '9na calle a 12-43', 'Jose Marino', 'Jose SA', '123123', '123123', 'De dos pulgadas, entregar antes de las 10:00 de la mañana', '22/05/2020 08:55:13', 1, 0, 'sin completar', 0, 'sin completar'),
(11, 117, 1, '9na av 13-43 zona 9', 'Mayen Lopez', 'Mayen SA', '12313139', '12313139', 'Pide que se le lleve antes de las 8 de la mañana.', '22/05/2020 11:50:16', 1, 0, 'sin completar', 0, 'sin completar'),
(12, 53, 1, '10ma calle 11 -23', 'Jose marino', 'Sociedad Anonima 2', '1231231', '1231231', 'Cliente solicita la abrazadera lo antes posible.', '22/05/2020 12:43:05', 1, 0, 'sin completar', 0, 'sin completar'),
(13, 30, 1, '11 calle 12-34 zona 11 ', 'Marina Leiva', 'Leiva S.A', '123123123', '123123123', 'Cliente solicita la llave antes de las 10am, cliente indica que esta cerca de burguer king.', '22/05/2020 13:28:44', 1, 0, 'sin completar', 0, 'sin completar'),
(14, 29, 1, '19 calle 12-24 zona 9', 'Marino Perina', 'Marino', '12312313', '12312313', 'Cliente solicita que se le lleve la abrazadera antes del medio dia.', '22/05/2020 13:49:32', 1, 0, 'sin completar', 0, 'sin completar'),
(15, 1, 1, 'direccion entrega', 'contacto entrega', 'factura SA', '123123123', '123123123', 'Detalle de paso entregar rapido', '22/05/2020 13:59:02', 1, 0, 'sin completar', 0, 'sin completar'),
(16, 88, 1, '9na calle 18-78', 'jessy', 'jessy S.A', '1231312', '1231312', 'Cliente solicita la abrazadera antes de las 10:00 am', '26/05/2020 10:06:49', 1, 0, 'sin completar', 0, 'sin completar'),
(17, 88, 1, '9na calle 16-99', 'contacto ', 'factura', '123123', '123123', 'ferregua', '26/05/2020 10:31:18', 1, 0, 'sin completar', 0, 'sin completar'),
(18, 88, 1, '9na calle 16-99', 'contacto ', 'factura', '123123', '123123', 'ferregua', '26/05/2020 10:41:48', 1, 0, 'sin completar', 0, 'sin completar'),
(19, 1, 1, 'direccion entrega', 'contacto entrega', 'Factura SA', '123123123', '123123123', 'pedido detalle', '26/05/2020 14:04:42', 1, 0, 'sin completar', 0, 'sin completar'),
(20, 1, 1, 'direacsd', 'asdasd', 'asd', '123123', '123123', 'asdasdasd', '26/05/2020 14:07:08', 1, 0, 'sin completar', 0, 'sin completar'),
(21, 24, 1, 'direccion entrega ejemplo', 'erly ejemplo', 'Erliy', '123123123', '123123123', 'Entregar antes de las 10', '23/06/2020 21:27:46', 1, 0, 'sin completar', 0, 'sin completar'),
(22, 24, 5, 'direccion entrega ejemplo', 'Erly', 'Erliy', '12312312312', '12312312312', 'Pedido generado desde el usuario del cliente final', '24/06/2020 12:59:28', 1, 0, 'sin completar', 0, 'sin completar');

-- --------------------------------------------------------

--
-- Table structure for table `registroLlamadas`
--

CREATE TABLE `registroLlamadas` (
  `idRegistro` int(11) NOT NULL,
  `idEmpresa` int(11) NOT NULL,
  `personaLlama` varchar(255) COLLATE utf8_spanish2_ci NOT NULL,
  `telefono` varchar(255) COLLATE utf8_spanish2_ci NOT NULL,
  `correoElectronico` varchar(255) COLLATE utf8_spanish2_ci DEFAULT NULL,
  `descripcionLlamada` longtext COLLATE utf8_spanish2_ci NOT NULL,
  `trasladoLlamada` int(11) DEFAULT NULL COMMENT '1=true 2=false',
  `consultarDatos` int(11) DEFAULT NULL COMMENT '1=true 2=false',
  `idUsuario` int(11) NOT NULL COMMENT 'usuario que gestiono el registro',
  `fechaRegistro` varchar(255) COLLATE utf8_spanish2_ci NOT NULL,
  `horaRegistro` varchar(20) COLLATE utf8_spanish2_ci NOT NULL,
  `tipoLlamada` int(11) NOT NULL
) ENGINE=InnoDB DEFAULT CHARSET=utf8 COLLATE=utf8_spanish2_ci;

--
-- Dumping data for table `registroLlamadas`
--

INSERT INTO `registroLlamadas` (`idRegistro`, `idEmpresa`, `personaLlama`, `telefono`, `correoElectronico`, `descripcionLlamada`, `trasladoLlamada`, `consultarDatos`, `idUsuario`, `fechaRegistro`, `horaRegistro`, `tipoLlamada`) VALUES
(9, 1, 'Jose Lopez', '45433344', 'jose@gmail.com', 'Cliente quiere comunicarse con jenifer, se traslada la llamada', 1, 2, 1, '14/05/2020', '13:11:26', 1),
(10, 3, 'Martin Castellano', '1231239', 'martin@gmail.com', 'Cliente solicita informacion sobre una biopcia se le indica que que aun se encuentra en proceso.', 2, 1, 2, '14/05/2020', '13:12:58', 2),
(12, 3, 'Martine Eliot Galgadot', '123123123', 'martine@gmail.com', 'Persona solicita un pedido, se gestiona en llamada', 2, 2, 1, '14/05/2020', '13:42:46', 0),
(13, 25, 'Jose pineda', '123123', 'josepineda@gmail.com', 'Cliente solicita agendar cita con doctor fabricio', 2, 2, 1, '14/05/2020', '13:48:47', 0),
(14, 27, 'Martin Farfan', '234234234', 'farfan@gmail.com', 'Cliente solicita se recolecte un documento y se lleve a una locacion, se genera logistica en llamada', 2, 2, 1, '15/05/2020', '09:28:14', 0),
(15, 53, 'marito', '123123123', 'asda@gmail.com', 'Cliente pide que se gestione recoleccion de un paquete , se genera logistica en llamada', 2, 2, 1, '15/05/2020', '10:10:12', 0),
(16, 53, 'Julian', '123123', 'Jose@gmail.com', 'cliente solicita comunicarse con jose galindo se le tranfiere la llamada', 1, 2, 1, '15/05/2020', '16:06:02', 1),
(17, 54, 'pedro', '394848', 'pedro@gmail.com', 'Cliente solicita se recoja un documento y se envie a la direccion proporcionada, se coordina logistica en llamada', 2, 2, 1, '15/05/2020', '16:08:14', 0),
(18, 104, 'prueba desde ajax', '123123', 'prueba@gmail.com', 'Prueba desde ajax, con buscador', 1, 2, 1, '15/05/2020', '16:53:21', 1),
(19, 3, 'Juan', '2222222', 'jean@wale', 'pedido', 2, 2, 1, '20/05/2020', '08:47:12', 0),
(20, 117, 'Jose Lima', '123123123', '', 'Quiere que se agende una cita', 2, 2, 1, '21/05/2020', '12:21:49', 0),
(21, 127, 'Jose Perez Lol', '532131036', 'jose@camil.com', 'Cliente solicita recoleccion una archivo.', 2, 2, 1, '21/05/2020', '21:07:23', 0),
(22, 27, 'Marina Manos', '12783123', 'marina@gmail.com', 'Cliente solicita que se le envie una llave de paso, se crea gestion en llamada', 2, 2, 1, '22/05/2020', '08:55:20', 0),
(23, 117, 'Martin Farfan', '5433234', 'Jose@gmail.com', 'Cliente solicita un pedido, se gestiona en la llamada.', 2, 2, 1, '22/05/2020', '11:50:24', 0),
(24, 53, 'kali kali', '2324234', 'kali@gmail.com', 'Cliente solicita un pedido nuevo, se genera en llamada', 2, 2, 1, '22/05/2020', '12:43:11', 0),
(25, 30, 'Karen Leiva', '2334367', 'leiva@gmail.com', 'Cliente pide una llave de paso, se genera el pedido en llamada.', 2, 2, 1, '22/05/2020', '13:28:50', 0),
(26, 29, 'Martin Peralta', '24549010', 'jose@gmail.com', 'Cliente solicita abrazadera, de 5pulgadas, se genera en llamada el pedido', 2, 2, 1, '22/05/2020', '13:49:38', 0),
(27, 88, 'Jessy', '123123', 'mail@gmail.com', 'Cliente solicita una abrazadera de 6pulgadas', 2, 2, 1, '26/05/2020', '10:06:53', 0),
(28, 24, 'Llamada ejemplo', '121313123', 'jose@gmail.com', 'Pide que se coordine recoleccion de mensajeria, se genera evento en llamada', 2, 2, 1, '23/06/2020', '21:39:00', 0);

-- --------------------------------------------------------

--
-- Table structure for table `registrosPaquetes`
--

CREATE TABLE `registrosPaquetes` (
  `idRegistroP` int(11) NOT NULL,
  `idPaquete` varchar(45) COLLATE utf8_spanish2_ci DEFAULT NULL,
  `idServicio` varchar(45) COLLATE utf8_spanish2_ci DEFAULT NULL,
  `estado` int(11) NOT NULL
) ENGINE=InnoDB DEFAULT CHARSET=utf8 COLLATE=utf8_spanish2_ci;

--
-- Dumping data for table `registrosPaquetes`
--

INSERT INTO `registrosPaquetes` (`idRegistroP`, `idPaquete`, `idServicio`, `estado`) VALUES
(16, '1', '3', 1),
(17, '1', '4', 1),
(18, '1', '5', 1),
(19, '1', '6', 1),
(20, '1', '7', 1),
(21, '1', '9', 1),
(22, '2', '2', 1),
(23, '2', '3', 1),
(24, '2', '4', 1),
(25, '2', '5', 1),
(26, '2', '6', 1),
(27, '2', '7', 1),
(28, '2', '9', 1),
(29, '3', '2', 1),
(30, '3', '3', 1),
(31, '3', '4', 1),
(32, '3', '5', 1),
(33, '3', '6', 1),
(34, '3', '7', 1),
(35, '3', '9', 1),
(36, '4', '2', 1),
(37, '4', '3', 1),
(38, '4', '4', 1),
(39, '4', '5', 1),
(40, '4', '6', 1),
(41, '4', '7', 1),
(42, '4', '20', 1),
(43, '5', '2', 1),
(44, '5', '3', 1),
(45, '5', '4', 1),
(46, '5', '5', 1),
(47, '5', '6', 1),
(48, '5', '7', 1),
(49, '5', '11', 1),
(50, '5', '19', 1),
(51, '5', '20', 1),
(52, '6', '2', 1),
(53, '6', '3', 1),
(54, '6', '4', 1),
(55, '6', '5', 1),
(56, '6', '6', 1),
(57, '6', '7', 1),
(58, '7', '4', 1),
(59, '8', '2', 1),
(60, '8', '3', 1),
(61, '8', '4', 1),
(62, '8', '5', 1),
(63, '8', '6', 1),
(64, '8', '7', 1),
(65, '8', '8', 1),
(66, '8', '9', 1),
(67, '9', '2', 1),
(68, '9', '3', 1),
(69, '9', '4', 1),
(70, '9', '5', 1),
(71, '9', '6', 1),
(72, '9', '7', 1),
(73, '9', '10', 1),
(74, '10', '2', 1),
(75, '10', '3', 1),
(76, '10', '4', 1),
(77, '10', '5', 1),
(78, '10', '6', 1),
(79, '10', '7', 1),
(80, '11', '2', 1),
(81, '11', '3', 1),
(82, '11', '4', 1),
(83, '11', '5', 1),
(84, '11', '6', 1),
(85, '11', '7', 1),
(86, '12', '2', 1),
(87, '12', '3', 1),
(88, '12', '4', 1),
(89, '12', '5', 1),
(90, '12', '6', 1),
(91, '12', '7', 1),
(92, '13', '2', 1),
(93, '13', '3', 1),
(94, '13', '4', 1),
(95, '13', '5', 1),
(96, '13', '6', 1),
(97, '13', '7', 1),
(98, '14', '2', 1),
(99, '14', '3', 1),
(100, '14', '4', 1),
(101, '14', '5', 1),
(102, '14', '6', 1),
(103, '14', '7', 1),
(104, '14', '12', 1),
(105, '14', '13', 1),
(106, '14', '14', 1),
(107, '15', '2', 1),
(108, '15', '3', 1),
(109, '15', '4', 1),
(110, '15', '5', 1),
(111, '15', '6', 1),
(112, '15', '7', 1),
(113, '15', '9', 1),
(114, '15', '15', 1),
(115, '16', '2', 1),
(116, '16', '3', 1),
(117, '16', '4', 1),
(118, '16', '5', 1),
(119, '16', '6', 1),
(120, '16', '7', 1),
(121, '16', '16', 1),
(122, '16', '20', 1),
(123, '17', '2', 1),
(124, '17', '3', 1),
(125, '17', '4', 1),
(126, '17', '5', 1),
(127, '17', '6', 1),
(128, '17', '7', 1),
(129, '17', '17', 1);

-- --------------------------------------------------------

--
-- Table structure for table `requisitosOficina`
--

CREATE TABLE `requisitosOficina` (
  `idRequisito` int(11) NOT NULL,
  `requisito` varchar(255) COLLATE utf8_spanish2_ci NOT NULL,
  `descripcion` varchar(255) COLLATE utf8_spanish2_ci NOT NULL
) ENGINE=InnoDB DEFAULT CHARSET=utf8 COLLATE=utf8_spanish2_ci;

--
-- Dumping data for table `requisitosOficina`
--

INSERT INTO `requisitosOficina` (`idRequisito`, `requisito`, `descripcion`) VALUES
(1, 'Fotocopia de DPI', 'Fotocopia de los dos lados para archivo.'),
(2, 'Fotocopia de recibo de luz', 'Puede ser de luz o de agua para validar dirección.'),
(3, 'Fotocopia de patente de comercio o sociedad.', 'Para registro en archivo'),
(4, 'Fotocopia de patente de sociedad (si es S.A).', 'Requisito necesario'),
(5, 'Fotocopia de patente de representación (si es S.A).', 'Necesario para archivo, solo si es S.A'),
(6, 'Fotocopia de RTU.', 'Necesario para archivo.'),
(7, 'Formulario firmado.', 'Necesario para archivo'),
(8, 'Contrato firmado mínimo.', 'Necesario para el archivo.'),
(9, 'Depósito en garantía.', 'Requisito para optar al servicio.'),
(10, 'Renta anticipada.', 'Requisito obligatorio.');

-- --------------------------------------------------------

--
-- Table structure for table `rolesPrivilegios`
--

CREATE TABLE `rolesPrivilegios` (
  `idPrivilegio` int(11) NOT NULL,
  `rol` varchar(255) COLLATE utf8_spanish2_ci DEFAULT NULL,
  `descripcion` varchar(255) COLLATE utf8_spanish2_ci DEFAULT NULL,
  `edicion` int(11) DEFAULT NULL,
  `eliminacion` int(11) DEFAULT NULL,
  `busqueda` int(11) DEFAULT NULL,
  `actualizacion` int(11) DEFAULT NULL,
  `estatus` int(11) NOT NULL
) ENGINE=InnoDB DEFAULT CHARSET=utf8 COLLATE=utf8_spanish2_ci;

--
-- Dumping data for table `rolesPrivilegios`
--

INSERT INTO `rolesPrivilegios` (`idPrivilegio`, `rol`, `descripcion`, `edicion`, `eliminacion`, `busqueda`, `actualizacion`, `estatus`) VALUES
(1, 'Administrador', 'Acceso a todo', 1, 1, 1, 1, 1),
(2, 'Asistente virtual', 'Puede ingresar y buscar', 1, 2, 1, 1, 1),
(3, 'Digitador', 'Tiene acceso a todo', 2, 2, 2, 1, 2),
(4, 'Digitador3', 'Solo se le permite actualizar.', 2, 2, 1, 1, 2),
(5, 'Cliente', 'Accede a sus información', 0, 0, 1, 1, 1);

-- --------------------------------------------------------

--
-- Table structure for table `servicio`
--

CREATE TABLE `servicio` (
  `idservicio` int(11) NOT NULL,
  `nombre` varchar(31) DEFAULT NULL,
  `descripcion` varchar(78) DEFAULT NULL,
  `monto` decimal(11,2) DEFAULT NULL,
  `cortesia` int(11) DEFAULT NULL
) ENGINE=InnoDB DEFAULT CHARSET=utf8;

--
-- Dumping data for table `servicio`
--

INSERT INTO `servicio` (`idservicio`, `nombre`, `descripcion`, `monto`, `cortesia`) VALUES
(2, 'Direccion fiscal', 'Direccion legal, para documentacion de indole legal.', '1.00', 0),
(3, 'Direccion comercial', 'Direccion que tus clientes visualizan, para el desenvolvimiento de tu negocio.', '1.00', 0),
(4, 'Pbx', 'Numero telefononico exclusivo asignado.', '1.00', 0),
(5, 'Grabacion personalizada', 'Grabacion con el nombre de tu empresa.', '1.00', 0),
(6, 'Menu pbx', 'Grabacion con menu de desvio de llamadas según extenciones.', '1.00', 0),
(7, 'Recepcion correspondencia', 'Servicio de recepción y entrega de documentos.', '1.00', 0),
(8, 'Mensajeria amilcar mijangos', 'Servicio de mensajeria.', '30.00', 0),
(9, 'Sala de reuniones', 'Espacio para reuniones ', '35.00', 5),
(10, 'Mensajeria mantese', 'Servicio mensajeria', '25.00', 0),
(11, 'Officina fisica Gilary Calderon', 'Officina D asignado.', '2200.00', 0),
(12, 'Impresiones wootex', 'Servicio de impresiones de documentos.', '0.30', 30),
(13, 'Escaneo wootex', 'Servicio de escaneo de documentos.', '0.30', 0),
(14, 'Fotocopias wootex', 'Servicio de fotocopia de documentos.', '0.30', 0),
(15, 'Officina Fisica doctor Fabricio', 'Officina E asignado.', '2300.00', 0),
(16, 'Officina Fisica Camilo', 'Officina F asignado.', '1000.00', 0),
(17, 'Officina Fisica Jackeline Reyes', 'Officina B,C asignado.', '2700.00', 0),
(18, 'Medio mensaje', 'Mensaje de unico punto de recoleccion envio.', '12.50', 0),
(19, 'Parqueo ', 'Servicio de parqueo officina.', '500.00', 0),
(20, 'Asistencia Virtual', 'Asistente asignado para apoyo en oficina.', '2000.00', 0);

-- --------------------------------------------------------

--
-- Table structure for table `usuario`
--

CREATE TABLE `usuario` (
  `idCliente` int(11) NOT NULL,
  `nombre` varchar(225) COLLATE utf8_spanish2_ci DEFAULT NULL,
  `apellido` varchar(225) COLLATE utf8_spanish2_ci DEFAULT NULL,
  `direccion` varchar(225) COLLATE utf8_spanish2_ci DEFAULT NULL,
  `telefono` varchar(45) COLLATE utf8_spanish2_ci DEFAULT NULL,
  `correo` varchar(50) COLLATE utf8_spanish2_ci DEFAULT NULL,
  `cargo` varchar(45) COLLATE utf8_spanish2_ci DEFAULT NULL,
  `estadoUsuario` int(11) DEFAULT NULL,
  `fechaRegistro` varchar(45) COLLATE utf8_spanish2_ci DEFAULT NULL,
  `idPrivilegios` varchar(45) COLLATE utf8_spanish2_ci DEFAULT NULL,
  `idEmpresa` int(11) DEFAULT NULL,
  `usuario` varchar(255) COLLATE utf8_spanish2_ci DEFAULT NULL,
  `contrasena` varchar(255) COLLATE utf8_spanish2_ci DEFAULT NULL
) ENGINE=InnoDB DEFAULT CHARSET=utf8 COLLATE=utf8_spanish2_ci;

--
-- Dumping data for table `usuario`
--

INSERT INTO `usuario` (`idCliente`, `nombre`, `apellido`, `direccion`, `telefono`, `correo`, `cargo`, `estadoUsuario`, `fechaRegistro`, `idPrivilegios`, `idEmpresa`, `usuario`, `contrasena`) VALUES
(1, 'Estuardo', 'Alvarado ', '8va calle 16 34 zona 11 ', '55452704', 'estuard.alva@gmail.com', 'Administrador', 1, '16-4-2020', '1', 1, 'admin2020', 'admin2020'),
(2, 'Jessica', 'Morales', '8va calle 16-34 zona 11', '41829922', 'jmorales@officient.biz', 'Asistente ', 1, '16-4-2020', '2', 1, 'asistente1', 'asistente1'),
(3, 'Jose', 'Perez', '11 calle 16-34 zona 9', '55452704', 'jose@gmail.com', 'Cliente', 1, '22/06/2020 18:35:52', '5', 1, 'jose', '123'),
(4, 'Jose', 'Mandingo', '11 calle 16-34 zona 9', '55452704', 'mandingo@gmail.com', 'Titular cuenta', 1, '22/06/2020 19:39:21', '5', 2, 'opm1', '123'),
(5, 'Erly', 'Lopez', '11 calle 16-34 zona 9', '43587890', 'estuard.alva@gmail.com', 'Titular Cuenta', 1, '23/06/2020 17:41:41', '5', 24, 'trastevere', '123');

--
-- Indexes for dumped tables
--

--
-- Indexes for table `archivo`
--
ALTER TABLE `archivo`
  ADD PRIMARY KEY (`idArchivo`);

--
-- Indexes for table `calendar`
--
ALTER TABLE `calendar`
  ADD PRIMARY KEY (`idRegistro`);

--
-- Indexes for table `empresa`
--
ALTER TABLE `empresa`
  ADD PRIMARY KEY (`idempresa`);

--
-- Indexes for table `estadoCuenta`
--
ALTER TABLE `estadoCuenta`
  ADD PRIMARY KEY (`idRegistro`);

--
-- Indexes for table `extras`
--
ALTER TABLE `extras`
  ADD PRIMARY KEY (`idRegistro`);

--
-- Indexes for table `factura`
--
ALTER TABLE `factura`
  ADD PRIMARY KEY (`idRegistro`);

--
-- Indexes for table `logistica`
--
ALTER TABLE `logistica`
  ADD PRIMARY KEY (`idRegistro`);

--
-- Indexes for table `observaciones`
--
ALTER TABLE `observaciones`
  ADD PRIMARY KEY (`idRegistro`);

--
-- Indexes for table `pagos`
--
ALTER TABLE `pagos`
  ADD PRIMARY KEY (`idRegistroPago`);

--
-- Indexes for table `paquete`
--
ALTER TABLE `paquete`
  ADD PRIMARY KEY (`idpaquete`);

--
-- Indexes for table `pedido`
--
ALTER TABLE `pedido`
  ADD PRIMARY KEY (`idRegistro`);

--
-- Indexes for table `registroLlamadas`
--
ALTER TABLE `registroLlamadas`
  ADD PRIMARY KEY (`idRegistro`);

--
-- Indexes for table `registrosPaquetes`
--
ALTER TABLE `registrosPaquetes`
  ADD PRIMARY KEY (`idRegistroP`);

--
-- Indexes for table `requisitosOficina`
--
ALTER TABLE `requisitosOficina`
  ADD PRIMARY KEY (`idRequisito`);

--
-- Indexes for table `rolesPrivilegios`
--
ALTER TABLE `rolesPrivilegios`
  ADD PRIMARY KEY (`idPrivilegio`);

--
-- Indexes for table `servicio`
--
ALTER TABLE `servicio`
  ADD PRIMARY KEY (`idservicio`);

--
-- Indexes for table `usuario`
--
ALTER TABLE `usuario`
  ADD PRIMARY KEY (`idCliente`);

--
-- AUTO_INCREMENT for dumped tables
--

--
-- AUTO_INCREMENT for table `archivo`
--
ALTER TABLE `archivo`
  MODIFY `idArchivo` int(11) NOT NULL AUTO_INCREMENT COMMENT 'todos los campos tendran un estado 0=pendiente 1=completo', AUTO_INCREMENT=28;

--
-- AUTO_INCREMENT for table `calendar`
--
ALTER TABLE `calendar`
  MODIFY `idRegistro` int(11) NOT NULL AUTO_INCREMENT, AUTO_INCREMENT=9;

--
-- AUTO_INCREMENT for table `empresa`
--
ALTER TABLE `empresa`
  MODIFY `idempresa` int(11) NOT NULL AUTO_INCREMENT, AUTO_INCREMENT=205;

--
-- AUTO_INCREMENT for table `extras`
--
ALTER TABLE `extras`
  MODIFY `idRegistro` int(11) NOT NULL AUTO_INCREMENT, AUTO_INCREMENT=251;

--
-- AUTO_INCREMENT for table `factura`
--
ALTER TABLE `factura`
  MODIFY `idRegistro` int(11) NOT NULL AUTO_INCREMENT, AUTO_INCREMENT=1169;

--
-- AUTO_INCREMENT for table `logistica`
--
ALTER TABLE `logistica`
  MODIFY `idRegistro` int(11) NOT NULL AUTO_INCREMENT, AUTO_INCREMENT=6;

--
-- AUTO_INCREMENT for table `observaciones`
--
ALTER TABLE `observaciones`
  MODIFY `idRegistro` int(11) NOT NULL AUTO_INCREMENT, AUTO_INCREMENT=20;

--
-- AUTO_INCREMENT for table `pagos`
--
ALTER TABLE `pagos`
  MODIFY `idRegistroPago` int(11) NOT NULL AUTO_INCREMENT, AUTO_INCREMENT=1000;

--
-- AUTO_INCREMENT for table `paquete`
--
ALTER TABLE `paquete`
  MODIFY `idpaquete` int(11) NOT NULL AUTO_INCREMENT, AUTO_INCREMENT=18;

--
-- AUTO_INCREMENT for table `pedido`
--
ALTER TABLE `pedido`
  MODIFY `idRegistro` int(11) NOT NULL AUTO_INCREMENT, AUTO_INCREMENT=23;

--
-- AUTO_INCREMENT for table `registroLlamadas`
--
ALTER TABLE `registroLlamadas`
  MODIFY `idRegistro` int(11) NOT NULL AUTO_INCREMENT, AUTO_INCREMENT=29;

--
-- AUTO_INCREMENT for table `registrosPaquetes`
--
ALTER TABLE `registrosPaquetes`
  MODIFY `idRegistroP` int(11) NOT NULL AUTO_INCREMENT, AUTO_INCREMENT=130;

--
-- AUTO_INCREMENT for table `requisitosOficina`
--
ALTER TABLE `requisitosOficina`
  MODIFY `idRequisito` int(11) NOT NULL AUTO_INCREMENT, AUTO_INCREMENT=11;

--
-- AUTO_INCREMENT for table `rolesPrivilegios`
--
ALTER TABLE `rolesPrivilegios`
  MODIFY `idPrivilegio` int(11) NOT NULL AUTO_INCREMENT, AUTO_INCREMENT=6;

--
-- AUTO_INCREMENT for table `servicio`
--
ALTER TABLE `servicio`
  MODIFY `idservicio` int(11) NOT NULL AUTO_INCREMENT, AUTO_INCREMENT=21;

--
-- AUTO_INCREMENT for table `usuario`
--
ALTER TABLE `usuario`
  MODIFY `idCliente` int(11) NOT NULL AUTO_INCREMENT, AUTO_INCREMENT=6;
